raw_material_meta_code,hs_code,hs_item_name_ko,relation_type,mapping_weight,proxy_quality,review_status,approval_basis,evidence_reference,valid_from,valid_to,mapping_version
ACETAMINOPHEN,2924291020,아세트아미노펜,direct_active_ingredient,1.0,1.0,approved,user_requested_exact_government_ingredient_hsk_approval,관세청_HS부호_20260101.xlsx#2924291020;drug_ingredient_name=acetaminophen,2002-01-01,2026-12-31,material-hs-hsk2026-drug-v2.0
ALUMINUM,7601100000,합금하지 않은 알루미늄,upstream_material_proxy,1.0,0.8,approved,user_requested_curated_hsk_reference_approval,관세청_HS부호_20260101.xlsx#7601100000,2013-01-01,2026-12-31,material-hs-hsk2026-drug-v2.0
AMMONIUM_CHLORIDE,2827100000,염화암모늄,direct_active_ingredient,1.0,1.0,approved,user_requested_exact_government_ingredient_hsk_approval,관세청_HS부호_20260101.xlsx#2827100000;drug_ingredient_name=ammonium chloride,2002-01-01,2026-12-31,material-hs-hsk2026-drug-v2.0
ASCORBIC_ACID,2936271000,아스코르브산,direct_active_ingredient,1.0,1.0,approved,user_requested_exact_government_ingredient_hsk_approval,관세청_HS부호_20260101.xlsx#2936271000;drug_ingredient_name=ascorbic acid,2002-01-01,2026-12-31,material-hs-hsk2026-drug-v2.0
CALCIUM_CARBONATE,2836500000,탄산칼슘,direct_active_ingredient,1.0,1.0,approved,user_requested_exact_government_ingredient_hsk_approval,관세청_HS부호_20260101.xlsx#2836500000;drug_ingredient_name=calcium carbonate,2002-01-01,2026-12-31,material-hs-hsk2026-drug-v2.0
CALCIUM_CHLORIDE,2827200000,염화칼슘,direct_active_ingredient,1.0,1.0,approved,user_requested_exact_government_ingredient_hsk_approval,관세청_HS부호_20260101.xlsx#2827200000;drug_ingredient_name=calcium chloride,2002-01-01,2026-12-31,material-hs-hsk2026-drug-v2.0
COTTON_FIBER,5201001000,실면(實綿),material_grade_proxy,0.5,0.7,approved,user_requested_curated_hsk_reference_approval,관세청_HS부호_20260101.xlsx#5201001000,2013-01-01,2026-12-31,material-hs-hsk2026-drug-v2.0
COTTON_FIBER,5203000000,면[카드(card)하거나 코움(comb)한 것으로 한정한다],material_grade_proxy,0.5,0.7,approved,user_requested_curated_hsk_reference_approval,관세청_HS부호_20260101.xlsx#5203000000,2013-01-01,2026-12-31,material-hs-hsk2026-drug-v2.0
EPINEPHRINE,2937902100,에피네프린,direct_active_ingredient,1.0,1.0,approved,user_requested_exact_government_ingredient_hsk_approval,관세청_HS부호_20260101.xlsx#2937902100;drug_ingredient_name=epinephrine,2012-01-01,2026-12-31,material-hs-hsk2026-drug-v2.0
GLUCOSE_CORNSTARCH,1702301000,포도당,material_grade_proxy,0.5,0.7,approved,user_requested_curated_hsk_reference_approval,관세청_HS부호_20260101.xlsx#1702301000,2002-01-01,2026-12-31,material-hs-hsk2026-drug-v2.0
GLUCOSE_CORNSTARCH,1702401000,포도당,material_grade_proxy,0.5,0.7,approved,user_requested_curated_hsk_reference_approval,관세청_HS부호_20260101.xlsx#1702401000,2002-01-01,2026-12-31,material-hs-hsk2026-drug-v2.0
HYDROCORTISONE,2937212000,히드로코르티손,direct_active_ingredient,1.0,1.0,approved,user_requested_exact_government_ingredient_hsk_approval,관세청_HS부호_20260101.xlsx#2937212000;drug_ingredient_name=hydrocortisone,2002-01-01,2026-12-31,material-hs-hsk2026-drug-v2.0
LACTIC_ACID,2918111000,락트산,direct_active_ingredient,1.0,1.0,approved,user_requested_exact_government_ingredient_hsk_approval,관세청_HS부호_20260101.xlsx#2918111000;drug_ingredient_name=lactic acid,2002-01-01,2026-12-31,material-hs-hsk2026-drug-v2.0
LIDOCAINE_HYDROCHLORIDE,2924299010,염산리도카인,direct_active_ingredient,1.0,1.0,approved,user_requested_exact_government_ingredient_hsk_approval,관세청_HS부호_20260101.xlsx#2924299010;drug_ingredient_name=lidocaine hydrochloride,2002-01-01,2026-12-31,material-hs-hsk2026-drug-v2.0
MAGNESIUM_HYDROXIDE,2816101000,수산화마그네슘,direct_active_ingredient,1.0,1.0,approved,user_requested_exact_government_ingredient_hsk_approval,관세청_HS부호_20260101.xlsx#2816101000;drug_ingredient_name=magnesium hydroxide,2002-01-01,2026-12-31,material-hs-hsk2026-drug-v2.0
MENTHOL,2906110000,멘톨,direct_active_ingredient,1.0,1.0,approved,user_requested_exact_government_ingredient_hsk_approval,관세청_HS부호_20260101.xlsx#2906110000;drug_ingredient_name=menthol,2002-01-01,2026-12-31,material-hs-hsk2026-drug-v2.0
OXYTETRACYCLINE_HYDROCHLORIDE,2941302000,염산 옥시 테트라사이클린,direct_active_ingredient,1.0,1.0,approved,user_requested_exact_government_ingredient_hsk_approval,관세청_HS부호_20260101.xlsx#2941302000;drug_ingredient_name=oxytetracycline hydrochloride,2002-01-01,2026-12-31,material-hs-hsk2026-drug-v2.0
PARAFFIN_PETROLEUM,2710197320,유동파라핀,material_grade_proxy,0.5,0.65,approved,user_requested_curated_hsk_reference_approval,관세청_HS부호_20260101.xlsx#2710197320,2002-01-01,2026-12-31,material-hs-hsk2026-drug-v2.0
PARAFFIN_PETROLEUM,2712200000,파라핀왁스(기름의 함유량이 전 중량의 100분의 0.75 미만인 것으로 한정한다),material_grade_proxy,0.5,0.65,approved,user_requested_curated_hsk_reference_approval,관세청_HS부호_20260101.xlsx#2712200000,2013-01-01,2026-12-31,material-hs-hsk2026-drug-v2.0
POLYESTER_FIBER,5501200000,폴리에스테르의 것,upstream_material_proxy,1.0,0.8,approved,user_requested_curated_hsk_reference_approval,관세청_HS부호_20260101.xlsx#5501200000,2002-01-01,2026-12-31,material-hs-hsk2026-drug-v2.0
POLYETHYLENE_PE,3901101000,선형저밀도폴리에틸렌,material_grade_proxy,0.5,0.7,approved,user_requested_curated_hsk_reference_approval,관세청_HS부호_20260101.xlsx#3901101000,2007-01-01,2026-12-31,material-hs-hsk2026-drug-v2.0
POLYETHYLENE_PE,3901200000,폴리에틸렌(비중이 0.94 이상으로 한정한다),material_grade_proxy,0.5,0.7,approved,user_requested_curated_hsk_reference_approval,관세청_HS부호_20260101.xlsx#3901200000,2022-01-01,2026-12-31,material-hs-hsk2026-drug-v2.0
POLYPROPYLENE_PP,3902100000,폴리프로필렌,direct_raw_material,1.0,1.0,approved,user_requested_curated_hsk_reference_approval,관세청_HS부호_20260101.xlsx#3902100000,2002-01-01,2026-12-31,material-hs-hsk2026-drug-v2.0
POLYURETHANE_PU,3909500000,폴리우레탄,direct_raw_material,1.0,1.0,approved,user_requested_curated_hsk_reference_approval,관세청_HS부호_20260101.xlsx#3909500000,2002-01-01,2026-12-31,material-hs-hsk2026-drug-v2.0
POLYVINYL_CHLORIDE_PVC,3904100000,폴리(염화비닐)(다른 물질을 혼합하지 않은 것으로 한정한다),material_family_proxy,1.0,0.75,approved,user_requested_curated_hsk_reference_approval,관세청_HS부호_20260101.xlsx#3904100000,2013-01-01,2026-12-31,material-hs-hsk2026-drug-v2.0
POTASSIUM_CHLORIDE,3104200000,염화칼륨,direct_active_ingredient,1.0,1.0,approved,user_requested_exact_government_ingredient_hsk_approval,관세청_HS부호_20260101.xlsx#3104200000;drug_ingredient_name=potassium chloride,2002-01-01,2026-12-31,material-hs-hsk2026-drug-v2.0
POTASSIUM_IODIDE,2827609010,요드화칼륨,direct_active_ingredient,1.0,1.0,approved,user_requested_exact_government_ingredient_hsk_approval,관세청_HS부호_20260101.xlsx#2827609010;drug_ingredient_name=potassium iodide,2002-01-01,2026-12-31,material-hs-hsk2026-drug-v2.0
PREDNISOLONE,2937214000,프레드니소론,direct_active_ingredient,1.0,1.0,approved,user_requested_exact_government_ingredient_hsk_approval,관세청_HS부호_20260101.xlsx#2937214000;drug_ingredient_name=prednisolone,2002-01-01,2026-12-31,material-hs-hsk2026-drug-v2.0
REFINED_SUGAR,1701990000,기타,material_family_proxy,1.0,0.75,approved,user_requested_curated_hsk_reference_approval,관세청_HS부호_20260101.xlsx#1701990000,2002-01-01,2026-12-31,material-hs-hsk2026-drug-v2.0
SODIUM_ALGINATE,3913101000,알긴산 나트륨,direct_active_ingredient,1.0,1.0,approved,user_requested_exact_government_ingredient_hsk_approval,관세청_HS부호_20260101.xlsx#3913101000;drug_ingredient_name=sodium alginate,2002-01-01,2026-12-31,material-hs-hsk2026-drug-v2.0
SODIUM_CARBOXYMETHYL_CELLULOSE,3912311000,카르복시메틸셀룰로오스 나트륨,direct_active_ingredient,1.0,1.0,approved,user_requested_exact_government_ingredient_hsk_approval,관세청_HS부호_20260101.xlsx#3912311000;drug_ingredient_name=sodium carboxymethyl cellulose,2002-01-01,2026-12-31,material-hs-hsk2026-drug-v2.0
SODIUM_CHLORIDE,2501009020,순염화나트륨,direct_raw_material,1.0,1.0,approved,user_requested_curated_hsk_reference_approval,관세청_HS부호_20260101.xlsx#2501009020,2002-01-01,2026-12-31,material-hs-hsk2026-drug-v2.0
NATURAL_RUBBER_LATEX,4001100000,천연고무의 라텍스[프리-벌커나이즈된(pre-vulcanised) 것인지에 상관없다],direct_active_ingredient,1.0,1.0,approved,hsk_official_name_match_team_lead_approved_20260814,관세청_HS부호_20260101 (hsk_reference_2026),2024-01-01,2026-12-31,material-hs-hsk2026-v2-approved
NATURAL_RUBBER_LATEX,4001220000,공업 규격화된 천연고무(TSNR),upstream_material_input,1.0,0.7,approved,hsk_official_name_match_team_lead_approved_20260814,관세청_HS부호_20260101 (hsk_reference_2026),2024-01-01,2026-12-31,material-hs-hsk2026-v2-approved
SYNTHETIC_NITRILE_RUBBER,4002110000,라텍스,direct_active_ingredient,1.0,1.0,approved,hsk_official_name_match_team_lead_approved_20260814,관세청_HS부호_20260101 (hsk_reference_2026),2024-01-01,2026-12-31,material-hs-hsk2026-v2-approved
SYNTHETIC_NITRILE_RUBBER,2926100000,아크릴로니트릴,upstream_material_input,1.0,0.6,approved,hsk_official_name_match_team_lead_approved_20260814,관세청_HS부호_20260101 (hsk_reference_2026),2024-01-01,2026-12-31,material-hs-hsk2026-v2-approved
NONWOVEN_FABRIC_SPUNBOND,5603119000,기타,direct_active_ingredient,1.0,1.0,approved,hsk_official_name_match_team_lead_approved_20260814,관세청_HS부호_20260101 (hsk_reference_2026),2024-01-01,2026-12-31,material-hs-hsk2026-v2-approved
NONWOVEN_FABRIC_SPUNBOND,5603129000,기타,direct_active_ingredient,1.0,1.0,approved,hsk_official_name_match_team_lead_approved_20260814,관세청_HS부호_20260101 (hsk_reference_2026),2024-01-01,2026-12-31,material-hs-hsk2026-v2-approved
NONWOVEN_FABRIC_SPUNBOND,5603139000,기타,direct_active_ingredient,1.0,1.0,approved,hsk_official_name_match_team_lead_approved_20260814,관세청_HS부호_20260101 (hsk_reference_2026),2024-01-01,2026-12-31,material-hs-hsk2026-v2-approved
ETHANOL,2207200000,변성 에틸알코올과 그 밖의 변성 주정(알코올의 용량은 상관없다),direct_active_ingredient,1.0,1.0,approved,hsk_official_name_match_team_lead_approved_20260814,관세청_HS부호_20260101 (hsk_reference_2026),2024-01-01,2026-12-31,material-hs-hsk2026-v2-approved
STAINLESS_STEEL,7222200000,봉[냉간(冷間)성형이나 냉간(冷間)처리보다 더 가공하지 않은 것으로 한정한다],direct_active_ingredient,1.0,1.0,approved,hsk_official_name_match_team_lead_approved_20260814,관세청_HS부호_20260101 (hsk_reference_2026),2024-01-01,2026-12-31,material-hs-hsk2026-v2-approved
STAINLESS_STEEL,7223000000,스테인리스강의 선(線),direct_active_ingredient,1.0,0.9,approved,hsk_official_name_match_team_lead_approved_20260814,관세청_HS부호_20260101 (hsk_reference_2026),2024-01-01,2026-12-31,material-hs-hsk2026-v2-approved
POLYESTER_FIBER,5503209000,기타,direct_active_ingredient,1.0,1.0,approved,hsk_official_name_match_team_lead_approved_20260814,관세청_HS부호_20260101 (hsk_reference_2026),2024-01-01,2026-12-31,material-hs-hsk2026-v2-approved
COTTON_FIBER,5201009030,섬유 길이가 25.4밀리미터 이상 28.5밀리미터 미만인 것,direct_active_ingredient,1.0,0.8,approved,hsk_official_name_match_team_lead_approved_20260814,관세청_HS부호_20260101 (hsk_reference_2026),2024-01-01,2026-12-31,material-hs-hsk2026-v2-approved
COTTON_FIBER,5201009050,섬유 길이가 28.5밀리미터 이상 34.9밀리미터 미만인 것,direct_active_ingredient,1.0,0.8,approved,hsk_official_name_match_team_lead_approved_20260814,관세청_HS부호_20260101 (hsk_reference_2026),2024-01-01,2026-12-31,material-hs-hsk2026-v2-approved
PARAFFIN_PETROLEUM,2712101000,바셀린,upstream_material_input,1.0,0.7,approved,hsk_official_name_match_team_lead_approved_20260814,관세청_HS부호_20260101 (hsk_reference_2026),2024-01-01,2026-12-31,material-hs-hsk2026-v2-approved
