rank,물품코드,물품명,usage_qty,unit_price,value_share,cumulative_share,abc_class,ved_class
1,W642100700,삐콤정(1정)((주)유한양행)-1정,11084144.0,0.0,0.030007063351639822,0.030007063351639822,A,
2,WA04500851,페니라민정2mg(유한양행)-1정,10314501.06,0.0,0.02792348121316144,0.05793054456480126,A,
3,WA30601891,리나치올캅셀375mg(현대약품)-1캅셀,9139462.0,0.0,0.024742408185413758,0.08267295275021502,A,
4,WA04500761,다이크로짇정(유한양행)-1정,9086420.3,0.0,0.02459881336634801,0.10727176611656303,A,
5,WA11850181,삼남아세트아미노펜정500mg(삼남제약)-1정,5435455.3,0.0,0.014714898284622288,0.12198666440118532,A,
6,WA11850831,아루펜정 400mg(삼남제약)-1정,4904948.0,0.0,0.013278705633245024,0.13526537003443034,A,
7,W643900900,액티피드정(1정)(삼일제약(주))-1정,4400236.7,0.0,0.011912348072987012,0.14717771810741737,A,
8,WA20750181,신일티아민염산염정10mg(신일제약)-1정,4143062.9,0.0,0.011216125567308454,0.1583938436747258,A,
9,WA18400091,한국넬슨이부프로펜정200mg(한국넬슨제약)-1정,3876117.65,0.0,0.010493449731612947,0.16888729340633876,A,
10,W642000191,레보투스시럽(레보드로프로피진)_(60mg/10mL)(현대약품(주))-10mL/포,3546599.3,0.0,0.009601375611682908,0.17848866901802168,A,
11,W073400360,노바스크정5밀리그람(암로디핀베실산염)_(6.944mg/1정)(비아트리스코리아(주))-1정,3318997.5,0.0,0.008985210607732467,0.18747387962575415,A,
12,WA11800371,마그밀정(삼남제약)-1정,3161334.0,0.0,0.008558383003116246,0.1960322626288704,A,
13,W656700682,레드로프시럽(레보드로프로피진)_(3g/500mL)(한국넬슨제약(주))-500(1)mL/병,3125680.0,0.0,0.00846186027328349,0.2044941229021539,A,
14,WA20700521,신일브롬헥신염산염정(신일제약)-1정,2829653.7,0.0,0.007660456038743454,0.21215457894089737,A,
15,W698002140,암로닌정(암로디핀베실산염)(콜마파마(주))-1정,2731079.0,0.0,0.0073935939998012595,0.21954817294069862,A,
16,WMD0316901,베스타제당의정(동아제약)-1정(보훈급여),2650059.0,0.0,0.007174256153527352,0.22672242909422596,A,
17,W649001500,노바텐션정5밀리그램(암로디핀베실산염)(풍림무약(주))-1정,2433605.0,0.0,0.006588270542846378,0.23331069963707235,A,
18,W656205050,레토바정10밀리그램(아토르바스타틴칼슘수화물)_(10.85mg/1정)((주)바스칸바이오제약)-1정,2401590.0,0.0,0.006501599336373172,0.23981229897344553,A,
19,W627500090,티지피시메티딘정_(0.2g/1정)(해태에이치티비(주))-1정,2327010.0,0.0,0.006299695898023283,0.24611199487146881,A,
20,WA11801101,삼남 아세트아미노펜정(삼남제약)-1정,2324669.0,0.0,0.0062933583283105304,0.25240535319977936,A,
21,W669604690,암롤정(암로디핀베실산염)_(6.944mg/1정)((주)아이월드제약)-1정,2289910.0,0.0,0.006199258548026221,0.2586046117478056,A,
22,W642000192,레보투스시럽(레보드로프로피진)_(3g/500mL)(현대약품(주))-500(1)mL/병,2267570.7,0.0,0.0061387814565763725,0.26474339320438195,A,
23,WA08601481,이부펜정400mg(이부프로펜)_(0.4g/1정)(태극제약(주))-1정,2197610.75,0.0,0.005949385446227936,0.27069277865060987,A,
24,W689000210,암베스정(암로디핀베실산염)_(6.944mg/1정)((주)시어스제약)-1정,2118421.0,0.0,0.005735002464100447,0.27642778111471034,A,
25,W621801820,카민산250밀리그램정(클로르페네신카르바메이트)((주)한국파비스제약)-1정,2070620.8,0.0,0.00560559746632876,0.2820333785810391,A,
26,W648500980,바로코민정(1정)(신풍제약(주))-1정,1883248.5,0.0,0.005098342014176346,0.28713172059521547,A,
27,W663605760,베로디핀정(암로디핀베실산염)(한국프라임제약(주))-1정,1732570.0,0.0,0.004690424244862807,0.2918221448400783,A,
28,WA01205941,낙센에프정(종근당)-1정,1695431.9,0.0,0.0045898837503095475,0.29641202859038784,A,
29,W689000300,아르테크정10밀리그램(아토르바스타틴칼슘수화물)_(10.85mg/1정)((주)시어스제약)-1정,1649637.0,0.0,0.0044659075131294815,0.3008779361035173,A,
30,W670500540,보령바이오아스트릭스캡슐100밀리그램(아스피린장용과립)((주)보령바이오파마)-1캡슐,1615477.0,0.0,0.004373429349358601,0.3052513654528759,A,
31,W644603680,아실도핀정5mg(암로디핀베실산염)_(6.944mg/1정)(조아제약(주))-1정,1584467.5,0.0,0.004289480238718874,0.3095408456915948,A,
32,WA01508421,스티렌정(애엽95%에탄올연조엑스(20→1))_(60mg/1정)(동아에스티(주))-1정,1530140.0,0.0,0.004142404493921962,0.31368325018551674,A,
33,W679601110,노바디크정5밀리그램(암로디핀베실산염)_(6.944mg/1정)((주)서흥)-1정,1524702.5,0.0,0.004127684060212824,0.31781093424572954,A,
34,WA13353601,글루코젠정500mg(뉴젠팜)-1정,1522323.0,0.0,0.004121242263061395,0.3219321765087909,A,
35,W642101091,알마겔현탁액(알마게이트)(수출명:유만겔현탁액)((주)유한양행)-15mL/포,1404568.7,0.0,0.003802457092097539,0.32573463360088845,A,
36,WA04503981,알마겔정(유한양행)-1정,1347365.5,0.0,0.003647596234433066,0.3293822298353215,A,
37,W698500140,이텍스암브록솔정((주)테라젠이텍스)-1정,1332938.18,0.0,0.003608538504288602,0.3329907683396101,A,
38,WA04503701,알마겔현탁액(유한양행)-15ml/포,1328944.1,0.0,0.003597725706151776,0.3365884940457619,A,
39,WA03700711,위더스파모티딘정20mg(위더스제약)-1정,1265074.5,0.0,0.003424817529079744,0.34001331157484166,A,
40,WMD0325581,유한메트포르민서방정500mg(메트포르민염산염)-1정,1224539.5,0.0,0.0033150809257878056,0.34332839250062946,A,
41,WA21450811,한미아스피린장용정100mg(한미약품)-1정,1210673.0,0.0,0.003277541451024079,0.34660593395165357,A,
42,W653700060,게루삼정(1정)(삼남제약(주))-1정,1180544.0,0.0,0.0031959760354429065,0.3498019099870965,A,
43,WA23450341,프리나정(스카이뉴팜)-1정,1172923.0,0.0,0.0031753444169974184,0.3529772544040939,A,
44,WMD0328046,마미센스(신일제약)-1정,1169615.0,0.0,0.0031663889788898637,0.35614364338298377,A,
45,WA02002631,릴렉시아정250밀리그램(클로르페네신카르바메이트)_(0.25g/1정),1129389.5,0.0,0.0030574902559166338,0.3592011336389004,A,
46,WA18450111,한국넬슨파모티딘정 20mg(한국넬슨제약)-1정,1127050.0,0.0,0.0030511567470131802,0.36225229038591356,A,
47,W670402001,드로니즈시럽(레보드로프로피진)_(3g/500mL)((주)휴온스메디텍)-500(1)mL/병,1074951.0,0.0,0.0029101140112315913,0.36516240439714515,A,
48,W658501910,코사로탄정50mg(로사르탄칼륨)(익수제약(주))-1정,1069040.5,0.0,0.002894113068990146,0.36805651746613527,A,
49,W653501270,트윈스타정40/5밀리그램_(1정)(한국베링거인겔하임(주))-1정,1064493.0,0.0,0.002881802048798457,0.3709383195149337,A,
50,WF00200021,코푸정(유한양행)-1정,1060053.5,0.0,0.002869783406876302,0.37380810292181005,A,
51,W625500260,셀티스파모티딘정20밀리그램(파모티딘)_(20mg/1정)((주)텔콘알에프제약)-1정,1038337.5,0.0,0.0028109937170505287,0.37661909663886056,A,
52,WMD0316802,판크론정(영진약품공업)-1정(보훈급여),1011722.0,0.0,0.002738940070450884,0.37935803670931145,A,
53,W644806170,뮤코로솔정(암브록솔염산염)_(30mg/1정)(태극제약(주))-1정,995759.0,0.0,0.0026957249378901536,0.3820537616472016,A,
54,USE0001249,삐콤,968540.0,0.0,0.002622037492349182,0.3846757991395508,A,
55,WA11850541,메트파민정(삼남제약)-1정,944158.0,0.0,0.0025560303907958565,0.3872318295303467,A,
56,WA08602971,태극에페리손정(태극제약)-1정,941483.5,0.0,0.0025487899678156103,0.3897806194981623,A,
57,WA04302371,다이아벡스정500mg(대웅제약)-1정,938838.5,0.0,0.0025416294074182455,0.39232224890558054,A,
58,W684501550,텔미르핀정40/5밀리그램_(1정)(화일약품(주))-1정,912083.0,0.0,0.002469196751950688,0.3947914456575312,A,
59,W073400340,리피토정10밀리그램(아토르바스타틴칼슘삼수화물)_(10.85mg/1정)(비아트리스코리아(주))-1정,911998.5,0.0,0.00246896799302684,0.39726041365055803,A,
60,WMD0326559,임산부엽산제,900702.0,0.0,0.0024383860381955243,0.39969879968875355,A,
61,USE0000300,  삐콤,895853.0,,0.002425258795334722,0.4021240584840883,A,
62,W689000580,코자뉴정50mg(로사르탄칼륨)_(50mg/1정)((주)시어스제약)-1정,888534.2,0.0,0.002405445294602687,0.40452950377869096,A,
63,W649001100,디에스반정80밀리그램(발사르탄)(풍림무약(주))-1정,883554.0,0.0,0.0023919628662885262,0.40692146664497947,A,
64,WA82800691,노바스핀정5mg(성원애드콕제약)-1정,872902.0,0.0,0.002363125705852712,0.4092845923508322,A,
65,W674401210,에이디핀정(암로디핀베실산염)_(6.944mg/1정)(아이큐어(주))-1정,862101.0,0.0,0.00233388517169319,0.4116184775225254,A,
66,WA11801001,아세르정(삼남제약)-1정,847086.0,0.0,0.0022932364706094734,0.41391171399313487,A,
67,W679601170,로사칼정50밀리그램(로사르탄칼륨)_(50mg/1정)((주)서흥)-1정,844442.0,0.0,0.002286078617418308,0.4161977926105532,A,
68,WA03653141,토바스틴정(셀트리온제약)-1정,818514.5,0.0,0.002215887528683838,0.418413680139237,A,
69,W625500150,셀로디핀정(암로디핀베실산염)(셀티스팜(주))-1정,775112.5,0.0,0.0020983893652182723,0.4205120695044553,A,
70,WMD0316900,베스타제정(무당)(동아제약)-1정(보훈급여),771771.5,0.0,0.0020893445893061377,0.42260141409376145,A,
71,W658502060,마게이트정(알마게이트)_(0.5g/1정)(익수제약(주))-1정,739699.0,0.0,0.0020025177184764672,0.42460393181223793,A,
72,WA05000651,셉트린정(삼일제약)-1정,739124.3,0.0,0.0020009618870736826,0.4266048936993116,A,
73,WA10001261,뉴본정50단위(메디카코리아)-1정,738076.0,0.0,0.0019981239228148706,0.4286030176221265,A,
74,WA09500431,보나링에이정(일양약품)-1정,734096.15,0.0,0.0019873496482222613,0.4305903672703488,A,
75,USE0000297,삐콤,732224.0,0.0,0.0019822813521360888,0.43257264862248485,A,
76,WW20280121,아스피린프로텍트정100mg(바이엘코리아)-1정,727033.5,0.0,0.001968229598358198,0.43454087822084303,A,
77,W693902390,셀미스타정40/5밀리그램((주)셀트리온제약)-1정,705601.5,0.0,0.0019102087550930487,0.4364510869759361,A,
78,WA00357621,바로디핀정(신풍제약)-1정,694571.0,0.0,0.0018803469171107686,0.43833143389304685,A,
79,W669604870,니자탄캡슐150밀리그램(니자티딘)_(0.15g/1캡슐)((주)아이월드제약)-1캡슐,691876.0,0.0,0.0018730509964034348,0.4402044848894503,A,
80,WA36705661,세자르정50mg(삼익제약)-1정,685361.0,0.0,0.0018554135480144628,0.44205989843746474,A,
81,W052401750,아이리토정10밀리그램(아토르바스타틴칼슘삼수화물)_(10.85mg/1정)((주)인트로바이오파마)-1정,677496.0,0.0,0.0018341213712563254,0.44389401980872106,A,
82,WE01890381,노바스크정5mg(한국화이자)-1정,677410.5,0.0,0.0018338899051262784,0.44572790971384735,A,
83,W658107210,파모나정20밀리그램(파모티딘)_(20mg/1정)((유)한풍제약)-1정,672838.5,0.0,0.001821512558382705,0.44754942227223005,A,
84,WA13100831,뮤코졸정(부광약품)-1정,666956.25,0.0,0.0018055880947163917,0.4493550103669464,A,
85,WMD0325132,INH,664328.0,0.0,0.0017984728800228668,0.4511534832469693,A,
86,WA13101421,뮤코론375mg캅셀(부광약품)-1캅셀,658799.0,0.0,0.0017835047369464852,0.4529369879839158,A,
87,WA29555171,휴온스시메티딘정200mg(휴온스)-1정,644078.0,0.0,0.0017436519544853867,0.4546806399384012,A,
88,W658501860,바르사르정80mg(발사르탄)(익수제약(주))-1정,642884.5,0.0,0.0017404209038864246,0.4564210608422876,A,
89,W642905750,투탑스정40/5밀리그램(일동제약(주))-1정,641751.0,0.0,0.0017373522856594255,0.45815841312794703,A,
90,W647302690,시암로핀정(암로디핀베실산염)_(6.944mg/1정)(에이치엘비제약(주))-1정,637797.0,0.0,0.0017266479923470702,0.4598850611202941,A,
91,WMD0325695,임산부철분제(의약품),626790.0,0.0,0.0016968497737104753,0.4615819108940046,A,
92,WA13302211,에페리젠정(뉴젠팜)-1정,621688.0,0.0,0.0016830376076812298,0.4632649485016858,A,
93,WA06652501,메트로정500mg(한국알리코팜)-1정,620075.5,0.0,0.0016786722376847267,0.46494362073937057,A,
94,W684500350,다이제스토정(1정)(화일약품(주))-1정,614733.0,0.0,0.0016642089885645299,0.4666078297279351,A,
95,W658501960,엑스포스정5/80밀리그램(익수제약(주))-1정,614275.5,0.0,0.0016629704417283127,0.4682708001696634,A,
96,WA08602191,파티겔정(태극제약)-1정,613614.5,0.0,0.0016611809784305214,0.4699319811480939,A,
97,WA30603941,바로스크정5밀리그람(베실산암로디핀)_(6.944mg/1정)(현대약품(주))-1정,611355.5,0.0,0.001655065399626118,0.47158704654772005,A,
98,W698003380,아니스펜8시간이알서방정(아세트아미노펜)_(0.65g/1정)((주)제뉴파마)-1정,597347.0,0.0,0.0016171415015820791,0.47320418804930214,A,
99,W658501780,테라포스정2밀리그램(테라조신염산염수화물)(익수제약(주))-1정,595224.5,0.0,0.0016113954564238914,0.47481558350572606,A,
100,W693901040,코살정(로자탄칼륨)((주)셀트리온제약)-1정,584177.5,0.0,0.0015814889495393213,0.47639707245526536,A,
101,W644603910,듀얼아미정40/5mg_(1정)(조아제약(주))-1정,583822.0,0.0,0.001580526537735441,0.4779775989930008,A,
102,W670104251,레보솔시럽(레보드로프로피진)_(3g/500mL)(우리들제약(주))-500(1)mL/병,576204.8,0.0,0.0015599052066735107,0.4795375041996743,A,
103,W698000230,파라리딘정20밀리그람(파모티딘)_(20mg/1정)(콜마파마(주)),568987.0,0.0,0.0015403651337676132,0.4810778693334419,A,
104,WA66350391,넥스팜염산암부록솔정(넥스팜코리아)-1정,566402.5,0.0,0.0015333683593453111,0.4826112376927872,A,
105,W689000260,마겐정(알마게이트)_(0.5g/1정)((주)시어스제약)-1정,560525.0,0.0,0.001517456754908445,0.48412869444769563,A,
106,W689000550,레보테크정(레보드로프로피진)_(60mg/1정)((주)시어스제약)-1정,543177.0,0.0,0.0014704921417615707,0.4855991865894572,A,
107,WA06653921,스테린정(한국알리코팜)-1정,541874.0,0.0,0.0014669646520837764,0.487066151241541,A,
108,W647603230,헤모퀸골드엠캡슐(1캡슐)(경남제약(주))-1캡슐,535258.0,0.0,0.0014490537758686667,0.4885152050174097,A,
109,WMD0316787,베아제정(대웅제약)-1정(보훈급여),532370.0,0.0,0.0014412353643648522,0.48995644038177455,A,
110,W621802860,파비스파모티딘정(파모티딘)_(20mg/1정)((주)한국파비스제약)-1정,532035.0,0.0,0.0014403284502880595,0.4913967688320626,A,
111,WA16600571,로프민캅셀(영일제약)-1캡슐,520503.0,0.0,0.0014091089483967893,0.4928058777804594,A,
112,W679601100,피나리정(피나스테리드)_(5mg/1정)((주)서흥)-1정,518183.0,0.0,0.0014028282300142237,0.4942087060104736,A,
113,W073100220,코자정(로사르탄칼륨)_(50mg/1정)(한국오가논(주))-1정,516331.0,0.0,0.0013978144841329688,0.4956065204946066,A,
114,WA11800461,삼남로페라마이드캅셀(삼남제약)-1캅셀,510696.5,0.0,0.0013825607308025523,0.49698908122540914,A,
115,W679601350,스티원정(애엽95%에탄올연조엑스(20→1))_(60mg/1정)((주)서흥)-1정,505949.0,0.0,0.0013697082693709876,0.49835878949478013,A,
116,WA07404061,아마릴정2mg(한독약품)-1정,499373.0,0.0,0.0013519056814038533,0.499710695176184,A,
117,W699800760,이부펜정400mg(이부프로펜)(제이에스제약(주))-1정,496667.4,0.0,0.001344581064310806,0.5010552762404948,A,
118,WW24260621,부스코판당의정(한국베링거인겔하임)-1정,489924.5,0.0,0.001326326643628995,0.5023816028841238,A,
119,USE0000809,1.바로코민(정),486220.0,,0.0013162977982633854,0.5036979006823872,A,
120,WMD0327671,헤모퀸골드엠캡슐(경남제약),484037.0,0.0,0.0013103879671301352,0.5050082886495173,A,
121,W648602690,씨엠지암로디핀정5mg(암로디핀베실산염)((주)씨엠지제약)-1정,481937.0,0.0,0.0013047028341114334,0.5063129914836287,A,
122,W053600780,뉴슈바틴정10밀리그램(로수바스타틴칼슘)_(10.4mg/1정)(안국뉴팜(주))-1정,476737.0,0.0,0.0012906253618746484,0.5076036168455034,A,
123,W669700210,로잘핀정(로사르탄칼륨)(에스피씨(주))-1정,472755.0,0.0,0.0012798452667887104,0.5088834621122921,A,
124,USE0001003,영양제(바로코민),472179.0,,0.0012782859160178665,0.5101617480283099,A,
125,WA23054331,레프로진정(위더스제약)-1정,469821.5,0.0,0.0012719036774028242,0.5114336517057128,A,
126,W656004410,암로텔미정40/5밀리그램_(1정)(알리코제약(주))-1정,469552.5,0.0,0.0012711754389351903,0.5127048271446479,A,
127,WA20750081,신일폴산정(신일제약)-1정,466015.0,0.0,0.0012615986970048775,0.5139664258416529,A,
128,WA21452301,써스펜8시간이알서방정650밀리그램(아세트아미노펜)_(0.65g/1정)(한미약품(주))-1정,464527.0,0.0,0.0012575703741801974,0.515223996215833,A,
129,WA23003831,손페리정(위더스제약)-1정,462997.0,0.0,0.0012534283486951435,0.5164774245645282,A,
130,W649101090,티티아민정(1정)(한국휴텍스제약(주))-1정,455112.5,0.0,0.0012320833814161182,0.5177095079459443,A,
131,W621802320,암로비스정(암로디핀베실산염)((주)한국파비스제약)-1정,454089.5,0.0,0.0012293139094741506,0.5189388218554184,A,
132,WA00801741,휴텍스파모티딘정10mg(한국휴텍스제약)-1정,449210.5,0.0,0.0012161054504273672,0.5201549273058458,A,
133,WMD0326399,고려은단비타민씨,447410.5,0.0,0.0012112324792684802,0.5213661597851142,A,
134,WMD0317950,베스타제당의정(동아제약) - 1정,443497.0,0.0,0.0012006378278071998,0.5225667976129215,A,
135,W642101071,알마겔에프현탁액(알마게이트)((주)유한양행)-15mL/포,443104.0,0.0,0.0011995738957708427,0.5237663715086923,A,
136,WA02002381,릴렉시아정(클로르페네신카르바메이트)_(0.125g/1정),440321.5,0.0,0.001192041094521063,0.5249584126032134,A,
137,W693202110,뉴아딘정(암로디핀베실산염)_(6.944mg/1정)((주)한국글로벌제약)-1정,438640.5,0.0,0.0011874902808999023,0.5261459028841133,A,
138,W648603070,유티린정60mg(애엽95%에탄올연조엑스(20→1))((주)씨엠지제약)-1정,436343.0,0.0,0.0011812704746568229,0.5273271733587701,A,
139,WA23054671,레티라진정(위더스제약)-1정,430210.5,0.0,0.0011646685326391142,0.5284918418914092,A,
140,WA10901231,케토크린플라스타(케토프로펜)_10X7㎠(신신제약(주))-1매,427369.2,0.0,0.001156976547664811,0.529648818439074,A,
141,W646201950,테라젠정2mg(염산테라조신)((주)뉴젠팜)-1정,421735.0,0.0,0.0011417236064962546,0.5307905420455702,A,
142,W661904100,노바크정5밀리그램(암로디핀베실산염)-1정,420532.0,0.0,0.0011384668374383982,0.5319290088830085,A,
143,W647601750,경남비타민씨정(1031g/1정)(경남제약(주))-1정,418884.5,0.0,0.0011340067152249167,0.5330630155982334,A,
144,W625200500,바사탄정80밀리그램(발사르탄)_(80mg/1정)((주)화이트생명과학)-1정,417564.0,0.0,0.0011304318494386332,0.534193447447672,A,
145,W644802781,파티겔현탁액(알마게이트)(수출명:알마게인현탁액호메젤현탁액)(태극제약(주))-15mL/포,417197.0,0.0,0.00112943830476346,0.5353228857524355,A,
146,WA30650041,현대테놀민정25mg(현대약품공업)-1정,415479.0,0.0,0.0011247873245129223,0.5364476730769484,A,
147,W646203620,노바젠정5밀리그램(암로디핀베실산염)((주)뉴젠팜)-1정,414140.5,0.0,0.0011211637290150498,0.5375688368059635,A,
148,W653501280,트윈스타정80/5밀리그램_(1정)(한국베링거인겔하임(주))-1정,412750.0,0.0,0.0011173993587948097,0.5386862361647583,A,
149,WA21407731,아모잘탄정5/50mg(한미약품)-1정,412117.5,0.0,0.0011156870508737006,0.539801923215632,A,
150,W656004780,콜리아틴정(콜린알포세레이트)_(0.4g/1정)(알리코제약(주))-1정,411931.0,0.0,0.001115182156917516,0.5409171053725496,A,
151,WA00305131,로이솔정(신풍제약)-1정,410417.5,0.0,0.0011110848003347516,0.5420281901728843,A,
152,W669604340,테로핀정2밀리그램(테라조신염산염수화물)((주)아이월드제약)-1정,406016.0,0.0,0.001099169032248173,0.5431273592051324,A,
153,W622804550,메모엠연질캡슐(콜린알포세레이트)_(0.4g/1캡슐)((주)마더스제약)-1캡슐,405427.0,0.0,0.0010975744877967373,0.5442249336929291,A,
154,W642002540,레보투스정(레보드로프로피진)_(60mg/1정)(현대약품(주))-1정,398286.5,0.0,0.001078243681930052,0.5453031773748592,A,
155,W622802770,렘피드캡슐(에르도스테인)_(0.3g/1캡슐)((주)마더스제약)-1캡슐,394137.0,0.0,0.0010670101298057174,0.5463701875046649,A,
156,W653805230,마미센스(철분제),393366.0,0.0,0.001064922873825994,0.5474351103784909,A,
157,W649001240,파티스렌정(애엽95%에탄올연조엑스(20→1))(풍림무약(주))-1정,391431.0,0.0,0.0010596844298301905,0.5484947948083211,A,
158,W648602730,텔미로탄정40mg(텔미사르탄)((주)씨엠지제약)-1정,390148.0,0.0,0.0010562110842763837,0.5495510058925974,A,
159,WA04301741,우루사정(대웅제약)-1정,389722.0,0.0,0.0010550578144354471,0.5506060637070329,A,
160,W664901250,탐스롤서방정(탐스로신염산염)_(0.2mg/1정)(성원애드콕제약(주))-1정,384159.0,0.0,0.0010399976263482866,0.5516460613333812,A,
161,WA10705001,베스디핀정(진양제약)-1정,374319.5,0.0,0.00101336007094947,0.5526594214043307,A,
162,W689001230,듀크포지정5/80밀리그램_(1정)((주)시어스제약)-1정,372243.5,0.0,0.0010077399108795535,0.5536671613152102,A,
163,WA01504611,동아가스터정20밀리그램(파모티딘)_(20mg/1정)(동아에스티(주))-1정,371198.5,0.0,0.0010049108804011996,0.5546720721956114,A,
164,W698002340,씨메트정(시메티딘)(콜마파마(주))-1정,370335.5,0.0,0.0010025745614511332,0.5556746467570626,A,
165,WF03300021,코데날정(삼아제약)-1정,367318.5,0.0,0.0009944069203475985,0.5566690536774102,A,
166,W654304830,게이트정(알마게이트)(오스틴제약(주))-1정,362300.0,0.0,0.0009808208060360013,0.5576498744834462,A,
167,W669501610,아드정(암로디핀베실산염)((주)씨티씨바이오)-1정,361363.6,312.0,0.0009782857781509002,0.558628160261597,A,
168,W693901770,셀미살탄정40밀리그램(텔미사르탄)((주)셀트리온제약)-1정,356870.5,0.0,0.0009661220299764582,0.5595942822915735,A,
169,WA04551261,암로핀정5mg(유한양행)-1정,355836.5,0.0,0.0009633227787662974,0.5605576050703398,A,
170,W648602640,씨엠지아스피린장용정100mg((주)씨엠지제약)-1정,355712.0,0.0,0.0009629857315944744,0.5615205908019343,A,
171,WA09303211,보령아스트릭스캅셀100mg(보령제약)-1캅셀,355094.0,0.0,0.0009613126781632565,0.5624819034800975,A,
172,WA37803931,로디엔정2.5mg(한림제약)-1정,352433.0,0.0,0.0009541088024667018,0.5634360122825642,A,
173,W055100860,피오투정(피오글리타존염산염)_(16.53mg/1정)(코스맥스파마(주))-1정,352348.0,0.0,0.0009538786899397543,0.564389890972504,A,
174,USE0001051,"(암)삐콤정(1,000T)",352198.0,,0.000953472609009847,0.5653433635815138,A,
175,WA08651641,프레나정(태극제약)-1정,351473.5,0.0,0.000951511238118395,0.5662948748196323,A,
176,W689000430,아르테크정20밀리그램(아토르바스타틴칼슘수화물)_(21.7mg/1정)((주)시어스제약)-1정,349567.5,0.0,0.0009463513031023734,0.5672412261227346,A,
177,W621802380,에이스린장용정(아스피린)((주)한국파비스제약)-1정,345628.0,0.0,0.0009356862642799091,0.5681769123870145,A,
178,WA13102911,타세놀8시간이알서방정(아세트아미노펜)_(0.65g/1정)(부광약품(주))-1정,343130.0,0.0,0.0009289236631938535,0.5691058360502084,A,
179,WA13356281,올펜정(뉴젠팜)-1정,340949.0,0.0,0.0009230192464730019,0.5700288552966813,A,
180,W698502210,에페시나정(에페리손염산염)_(50mg/1정)((주)테라젠이텍스)-1정,335970.0,0.0,0.0009095400668062803,0.5709383953634877,A,
181,WA21403401,엑소페린정(한미약품)-1정,335665.5,0.0,0.0009087157225185686,0.5718471110860063,A,
182,WA21401631,암브로콜정(한미약품)-1정,333879.0,0.0,0.0009038792986433731,0.5727509903846496,A,
183,W656204860,노바포스정(암로디핀베실산염)_(6.944mg/1정)((주)바스칸바이오제약)-1정,333791.0,0.0,0.0009036410644978275,0.5736546314491474,A,
184,WA01508491,오로디핀정(암로디핀오로트산염)_(6.91mg/1정)(동아에스티(주))-1정,332751.5,0.0,0.0009008269236535702,0.574555458372801,A,
185,WA20702701,신일이부프로펜정400mg(신일제약)-1정,332584.5,0.0,0.0009003748202182734,0.5754558331930193,A,
186,W658501770,칼리드정50단위(칼리디노게나제)(익수제약(주))-1정,330015.0,0.0,0.0008934186538889621,0.5763492518469082,A,
187,USE0000854,영양제,329840.0,0.0,0.0008929448928040703,0.5772421967397123,A,
188,W679801360,아토바스정10mg(아토르바스타틴칼슘)((주)티디에스팜)-1정,328487.0,0.0,0.0008892820428163067,0.5781314787825287,A,
189,W658501600,아스필장용정(아스피린100밀리그람)(익수제약(주))-1정,327798.0,0.0,0.0008874167777449327,0.5790188955602736,A,
190,W669604850,본디칼정_(1정)((주)아이월드제약)-1정,319454.0,0.0,0.0008648278492172916,0.5798837234094909,A,
191,W628800280,베로핀정5mg (암로디핀베실산염)((주)휴비스트제약)-1정,314707.0,0.0,0.0008519767413888265,0.5807357001508797,A,
192,WA05002021,부루펜정200mg(삼일제약)-1정,313525.5,0.0,0.000848778177264257,0.581584478328144,A,
193,W653102850,튜비스투정150/300밀리그램((주)비씨월드제약)-1정,311067.0,0.0,0.000842122510823077,0.582426600838967,A,
194,W653501380,트라젠타정(리나글립틴)_(5mg/1정)(한국베링거인겔하임(주))-1정,310805.0,0.0,0.000841413222798839,0.5832680140617659,A,
195,WA36753711,세자르플러스정(삼익제약)-1정,309879.0,0.0,0.0008389063498582116,0.584106920411624,A,
196,WA12800591,대원아미노필린정(대원제약)-1정,306562.0,0.0,0.0008299265468948623,0.5849368469585189,A,
197,WMD0300980,삐콤정(유한양행)-1정,301106.0,0.0,0.0008151560298710356,0.5857520029883899,A,
198,WA11850101,게루삼엠정(건조수산화알루미늄겔)(삼남제약(주))-1정,300494.0,0.0,0.000813499219677014,0.5865655022080669,A,
199,WA04504681,알마겔에프현탁액(유한양행)-15ml/1포,298396.5,0.0,0.0008078208546738108,0.5873733230627407,A,
200,W656003500,머렉스정(에페리손염산염)(알리코제약(주))-1정,298341.5,0.0,0.0008076719583328448,0.5881809950210736,A,
