section,role,model_or_policy,cohort,metric,value,unit,period,status,source
demand_forecast,champion,usage_only_l1,all,N,605438.0,count_or_units,2025-08~2025-12,research_primary,outputs/stock_evaluation_report.csv
demand_forecast,champion,usage_only_l1,all,WAPE,35.71422351784848,percent,2025-08~2025-12,research_primary,outputs/stock_evaluation_report.csv
demand_forecast,champion,usage_only_l1,all,BIAS_PCT,-9.616769742317013,percent,2025-08~2025-12,research_primary,outputs/stock_evaluation_report.csv
demand_forecast,champion,usage_only_l1,all,RMSE,206.59065855452883,count_or_units,2025-08~2025-12,research_primary,outputs/stock_evaluation_report.csv
inventory_policy,challenger,fixed_l1_50_tweedie_50,quality_eligible,test_WAPE,36.17963637731045,percent_or_units,2025-10~2025-12,not_applied_reused_evaluation,outputs/forecast_bias_inventory_backtest_summary.json
inventory_policy,challenger,fixed_l1_50_tweedie_50,quality_eligible,test_BIAS_PCT,-3.920354899030817,percent_or_units,2025-10~2025-12,not_applied_reused_evaluation,outputs/forecast_bias_inventory_backtest_summary.json
inventory_policy,challenger,fixed_l1_50_tweedie_50,quality_eligible,fill_rate,0.9802028336718015,ratio,2025-10~2025-12,not_applied_reused_evaluation,outputs/forecast_bias_inventory_backtest_summary.json
inventory_policy,challenger,fixed_l1_50_tweedie_50,quality_eligible,stockout_series_month_rate,0.02282408013142018,ratio,2025-10~2025-12,not_applied_reused_evaluation,outputs/forecast_bias_inventory_backtest_summary.json
inventory_policy,challenger,fixed_l1_50_tweedie_50,quality_eligible,order_sum,14451946.368573604,percent_or_units,2025-10~2025-12,not_applied_reused_evaluation,outputs/forecast_bias_inventory_backtest_summary.json
external_signal_ablation,diagnostic,stock_model_a_usage_only,all,N,2807846.0,count,2024-07~2025-12 folds,not_applied,outputs/external_shock_experiment_report.csv
external_signal_ablation,diagnostic,stock_model_a_usage_only,all,WAPE,36.96636261522394,percent,2024-07~2025-12 folds,not_applied,outputs/external_shock_experiment_report.csv
external_signal_ablation,diagnostic,stock_model_a_usage_only,all,BIAS_PCT,-6.36095340521599,percent,2024-07~2025-12 folds,not_applied,outputs/external_shock_experiment_report.csv
external_signal_ablation,diagnostic,stock_model_a_usage_only,external_signal_connected,N,15088.0,count,2024-07~2025-12 folds,not_applied,outputs/external_shock_experiment_report.csv
external_signal_ablation,diagnostic,stock_model_a_usage_only,external_signal_connected,WAPE,41.8397705361825,percent,2024-07~2025-12 folds,not_applied,outputs/external_shock_experiment_report.csv
external_signal_ablation,diagnostic,stock_model_a_usage_only,external_signal_connected,BIAS_PCT,-4.858068431000124,percent,2024-07~2025-12 folds,not_applied,outputs/external_shock_experiment_report.csv
external_signal_ablation,diagnostic,stock_model_a_usage_only,non_shock_lt_0_8,N,2801514.0,count,2024-07~2025-12 folds,not_applied,outputs/external_shock_experiment_report.csv
external_signal_ablation,diagnostic,stock_model_a_usage_only,non_shock_lt_0_8,WAPE,36.96525941754056,percent,2024-07~2025-12 folds,not_applied,outputs/external_shock_experiment_report.csv
external_signal_ablation,diagnostic,stock_model_a_usage_only,non_shock_lt_0_8,BIAS_PCT,-6.361424653275945,percent,2024-07~2025-12 folds,not_applied,outputs/external_shock_experiment_report.csv
external_signal_ablation,diagnostic,stock_model_a_usage_only,strong_shock_ge_0_8,N,6332.0,count,2024-07~2025-12 folds,not_applied,outputs/external_shock_experiment_report.csv
external_signal_ablation,diagnostic,stock_model_a_usage_only,strong_shock_ge_0_8,WAPE,42.47859578397557,percent,2024-07~2025-12 folds,not_applied,outputs/external_shock_experiment_report.csv
external_signal_ablation,diagnostic,stock_model_a_usage_only,strong_shock_ge_0_8,BIAS_PCT,-4.006317218150903,percent,2024-07~2025-12 folds,not_applied,outputs/external_shock_experiment_report.csv
external_signal_ablation,diagnostic,stock_model_f_news_shock_l1,all,N,2807846.0,count,2024-07~2025-12 folds,not_applied,outputs/external_shock_experiment_report.csv
external_signal_ablation,diagnostic,stock_model_f_news_shock_l1,all,WAPE,36.957361002682866,percent,2024-07~2025-12 folds,not_applied,outputs/external_shock_experiment_report.csv
external_signal_ablation,diagnostic,stock_model_f_news_shock_l1,all,BIAS_PCT,-6.651840431736171,percent,2024-07~2025-12 folds,not_applied,outputs/external_shock_experiment_report.csv
external_signal_ablation,diagnostic,stock_model_f_news_shock_l1,external_signal_connected,N,15088.0,count,2024-07~2025-12 folds,not_applied,outputs/external_shock_experiment_report.csv
external_signal_ablation,diagnostic,stock_model_f_news_shock_l1,external_signal_connected,WAPE,41.53038671005213,percent,2024-07~2025-12 folds,not_applied,outputs/external_shock_experiment_report.csv
external_signal_ablation,diagnostic,stock_model_f_news_shock_l1,external_signal_connected,BIAS_PCT,-4.965941676032538,percent,2024-07~2025-12 folds,not_applied,outputs/external_shock_experiment_report.csv
external_signal_ablation,diagnostic,stock_model_f_news_shock_l1,non_shock_lt_0_8,N,2801514.0,count,2024-07~2025-12 folds,not_applied,outputs/external_shock_experiment_report.csv
external_signal_ablation,diagnostic,stock_model_f_news_shock_l1,non_shock_lt_0_8,WAPE,36.95632063538725,percent,2024-07~2025-12 folds,not_applied,outputs/external_shock_experiment_report.csv
external_signal_ablation,diagnostic,stock_model_f_news_shock_l1,non_shock_lt_0_8,BIAS_PCT,-6.652284372651442,percent,2024-07~2025-12 folds,not_applied,outputs/external_shock_experiment_report.csv
external_signal_ablation,diagnostic,stock_model_f_news_shock_l1,strong_shock_ge_0_8,N,6332.0,count,2024-07~2025-12 folds,not_applied,outputs/external_shock_experiment_report.csv
external_signal_ablation,diagnostic,stock_model_f_news_shock_l1,strong_shock_ge_0_8,WAPE,42.15565610515013,percent,2024-07~2025-12 folds,not_applied,outputs/external_shock_experiment_report.csv
external_signal_ablation,diagnostic,stock_model_f_news_shock_l1,strong_shock_ge_0_8,BIAS_PCT,-4.433647015460894,percent,2024-07~2025-12 folds,not_applied,outputs/external_shock_experiment_report.csv
external_signal_ablation,diagnostic,stock_model_g_commodity_shock_l1,all,N,2807846.0,count,2024-07~2025-12 folds,not_applied,outputs/external_shock_experiment_report.csv
external_signal_ablation,diagnostic,stock_model_g_commodity_shock_l1,all,WAPE,36.86511248741065,percent,2024-07~2025-12 folds,not_applied,outputs/external_shock_experiment_report.csv
external_signal_ablation,diagnostic,stock_model_g_commodity_shock_l1,all,BIAS_PCT,-6.5882453550625915,percent,2024-07~2025-12 folds,not_applied,outputs/external_shock_experiment_report.csv
external_signal_ablation,diagnostic,stock_model_g_commodity_shock_l1,external_signal_connected,N,15088.0,count,2024-07~2025-12 folds,not_applied,outputs/external_shock_experiment_report.csv
external_signal_ablation,diagnostic,stock_model_g_commodity_shock_l1,external_signal_connected,WAPE,41.47650543701541,percent,2024-07~2025-12 folds,not_applied,outputs/external_shock_experiment_report.csv
external_signal_ablation,diagnostic,stock_model_g_commodity_shock_l1,external_signal_connected,BIAS_PCT,-5.71120048279589,percent,2024-07~2025-12 folds,not_applied,outputs/external_shock_experiment_report.csv
external_signal_ablation,diagnostic,stock_model_g_commodity_shock_l1,non_shock_lt_0_8,N,2801514.0,count,2024-07~2025-12 folds,not_applied,outputs/external_shock_experiment_report.csv
external_signal_ablation,diagnostic,stock_model_g_commodity_shock_l1,non_shock_lt_0_8,WAPE,36.86411733402499,percent,2024-07~2025-12 folds,not_applied,outputs/external_shock_experiment_report.csv
external_signal_ablation,diagnostic,stock_model_g_commodity_shock_l1,non_shock_lt_0_8,BIAS_PCT,-6.588565237672935,percent,2024-07~2025-12 folds,not_applied,outputs/external_shock_experiment_report.csv
external_signal_ablation,diagnostic,stock_model_g_commodity_shock_l1,strong_shock_ge_0_8,N,6332.0,count,2024-07~2025-12 folds,not_applied,outputs/external_shock_experiment_report.csv
external_signal_ablation,diagnostic,stock_model_g_commodity_shock_l1,strong_shock_ge_0_8,WAPE,41.83749194680847,percent,2024-07~2025-12 folds,not_applied,outputs/external_shock_experiment_report.csv
external_signal_ablation,diagnostic,stock_model_g_commodity_shock_l1,strong_shock_ge_0_8,BIAS_PCT,-4.989921173112259,percent,2024-07~2025-12 folds,not_applied,outputs/external_shock_experiment_report.csv
external_signal_ablation,diagnostic,stock_model_h_news_commodity_shock_l1,all,N,2807846.0,count,2024-07~2025-12 folds,not_applied,outputs/external_shock_experiment_report.csv
external_signal_ablation,diagnostic,stock_model_h_news_commodity_shock_l1,all,WAPE,36.938162828455425,percent,2024-07~2025-12 folds,not_applied,outputs/external_shock_experiment_report.csv
external_signal_ablation,diagnostic,stock_model_h_news_commodity_shock_l1,all,BIAS_PCT,-6.614504929333566,percent,2024-07~2025-12 folds,not_applied,outputs/external_shock_experiment_report.csv
external_signal_ablation,diagnostic,stock_model_h_news_commodity_shock_l1,external_signal_connected,N,15088.0,count,2024-07~2025-12 folds,not_applied,outputs/external_shock_experiment_report.csv
external_signal_ablation,diagnostic,stock_model_h_news_commodity_shock_l1,external_signal_connected,WAPE,41.46817940987506,percent,2024-07~2025-12 folds,not_applied,outputs/external_shock_experiment_report.csv
external_signal_ablation,diagnostic,stock_model_h_news_commodity_shock_l1,external_signal_connected,BIAS_PCT,-4.9971911798757835,percent,2024-07~2025-12 folds,not_applied,outputs/external_shock_experiment_report.csv
external_signal_ablation,diagnostic,stock_model_h_news_commodity_shock_l1,non_shock_lt_0_8,N,2801514.0,count,2024-07~2025-12 folds,not_applied,outputs/external_shock_experiment_report.csv
external_signal_ablation,diagnostic,stock_model_h_news_commodity_shock_l1,non_shock_lt_0_8,WAPE,36.93718687187433,percent,2024-07~2025-12 folds,not_applied,outputs/external_shock_experiment_report.csv
external_signal_ablation,diagnostic,stock_model_h_news_commodity_shock_l1,non_shock_lt_0_8,BIAS_PCT,-6.6148271214222625,percent,2024-07~2025-12 folds,not_applied,outputs/external_shock_experiment_report.csv
external_signal_ablation,diagnostic,stock_model_h_news_commodity_shock_l1,strong_shock_ge_0_8,N,6332.0,count,2024-07~2025-12 folds,not_applied,outputs/external_shock_experiment_report.csv
external_signal_ablation,diagnostic,stock_model_h_news_commodity_shock_l1,strong_shock_ge_0_8,WAPE,41.814623610267,percent,2024-07~2025-12 folds,not_applied,outputs/external_shock_experiment_report.csv
external_signal_ablation,diagnostic,stock_model_h_news_commodity_shock_l1,strong_shock_ge_0_8,BIAS_PCT,-5.004641216971469,percent,2024-07~2025-12 folds,not_applied,outputs/external_shock_experiment_report.csv
external_signal_ablation,diagnostic,stock_model_i_external_shock_residual_l1,all,N,2807846.0,count,2024-07~2025-12 folds,not_applied,outputs/external_shock_experiment_report.csv
external_signal_ablation,diagnostic,stock_model_i_external_shock_residual_l1,all,WAPE,36.966362604438594,percent,2024-07~2025-12 folds,not_applied,outputs/external_shock_experiment_report.csv
external_signal_ablation,diagnostic,stock_model_i_external_shock_residual_l1,all,BIAS_PCT,-6.3609534578057065,percent,2024-07~2025-12 folds,not_applied,outputs/external_shock_experiment_report.csv
external_signal_ablation,diagnostic,stock_model_i_external_shock_residual_l1,external_signal_connected,N,15088.0,count,2024-07~2025-12 folds,not_applied,outputs/external_shock_experiment_report.csv
external_signal_ablation,diagnostic,stock_model_i_external_shock_residual_l1,external_signal_connected,WAPE,41.83974748547749,percent,2024-07~2025-12 folds,not_applied,outputs/external_shock_experiment_report.csv
external_signal_ablation,diagnostic,stock_model_i_external_shock_residual_l1,external_signal_connected,BIAS_PCT,-4.858180827096529,percent,2024-07~2025-12 folds,not_applied,outputs/external_shock_experiment_report.csv
external_signal_ablation,diagnostic,stock_model_i_external_shock_residual_l1,non_shock_lt_0_8,N,2801514.0,count,2024-07~2025-12 folds,not_applied,outputs/external_shock_experiment_report.csv
external_signal_ablation,diagnostic,stock_model_i_external_shock_residual_l1,non_shock_lt_0_8,WAPE,36.96525940800128,percent,2024-07~2025-12 folds,not_applied,outputs/external_shock_experiment_report.csv
external_signal_ablation,diagnostic,stock_model_i_external_shock_residual_l1,non_shock_lt_0_8,BIAS_PCT,-6.361424702210258,percent,2024-07~2025-12 folds,not_applied,outputs/external_shock_experiment_report.csv
external_signal_ablation,diagnostic,stock_model_i_external_shock_residual_l1,strong_shock_ge_0_8,N,6332.0,count,2024-07~2025-12 folds,not_applied,outputs/external_shock_experiment_report.csv
external_signal_ablation,diagnostic,stock_model_i_external_shock_residual_l1,strong_shock_ge_0_8,WAPE,42.47858954712599,percent,2024-07~2025-12 folds,not_applied,outputs/external_shock_experiment_report.csv
external_signal_ablation,diagnostic,stock_model_i_external_shock_residual_l1,strong_shock_ge_0_8,BIAS_PCT,-4.006335535255071,percent,2024-07~2025-12 folds,not_applied,outputs/external_shock_experiment_report.csv
pp_supply_policy,shadow_sensitivity,approved_pp_direct_quality_gated,disposable_syringe,baseline_order_total,5574.200625399306,units,2025-08~2025-12,not_applied,outputs/syringe_supply_risk_inventory_summary.json
pp_supply_policy,shadow_sensitivity,approved_pp_direct_quality_gated,disposable_syringe,shadow_order_total,6783.128130711308,units,2025-08~2025-12,not_applied,outputs/syringe_supply_risk_inventory_summary.json
pp_supply_policy,shadow_sensitivity,approved_pp_direct_quality_gated,disposable_syringe,order_delta_pct,21.68790803480276,percent,2025-08~2025-12,not_applied,outputs/syringe_supply_risk_inventory_summary.json
pp_supply_policy,shadow_sensitivity,approved_pp_direct_quality_gated,disposable_syringe,eligible_rows,1579.0,count,2025-08~2025-12,not_applied,outputs/syringe_supply_risk_inventory_summary.json
pp_supply_policy,shadow_sensitivity,approved_pp_direct_quality_gated,disposable_syringe,suppressed_to_zero_rows,1104.0,count,2025-08~2025-12,not_applied,outputs/syringe_supply_risk_inventory_summary.json
pp_supply_policy,shadow_sensitivity,approved_pp_direct_quality_gated,disposable_syringe,review_required_rows,617.0,count,2025-08~2025-12,not_applied,outputs/syringe_supply_risk_inventory_summary.json
