rprsntDtilPrdctClsfcNo,rprsntDtilPrdctClsfcNoNm,n,mean,p25,median,p75,p90
5131030101,백신,9746,30.0,30.0,30.0,30.0,30.0
5132030301,의료용살충제,8347,30.4,30.0,30.0,30.0,30.0
4217210101,저출력심장충격기,716,30.5,30.0,30.0,30.0,30.0
1216199001,분사제,490,30.3,30.0,30.0,30.0,30.0
1019170301,포충기,441,30.0,30.0,30.0,30.0,30.0
3017169801,금속제창,430,92.5,60.0,60.0,104.0,218.5000000000001
4010178701,히트펌프용실내기,382,82.5,60.0,60.0,91.0,146.80000000000007
5611210201,작업용의자,361,31.0,30.0,30.0,30.0,31.0
4618240101,방역용소독기,345,30.0,30.0,30.0,30.0,30.0
4218160201,자동전자혈압계,298,30.2,30.0,30.0,30.0,31.0
4810181901,손소독기,264,30.8,30.0,30.0,30.0,30.0
2413150101,냉장고,258,32.4,30.0,30.0,30.0,31.0
3911210201,LED실내조명등,241,61.7,30.0,30.0,67.0,123.0
4618200103,보건용마스크,223,20.2,20.0,20.0,20.0,21.0
5132030201,감염병예방용방역살균소독제,223,30.0,30.0,30.0,30.0,30.0
5127061001,손소독제,215,10.6,10.0,10.0,10.0,11.0
3011150501,레미콘,203,114.8,20.0,60.0,213.0,277.8
4010160201,공기순환기,200,101.2,53.75,87.0,109.25,218.59999999999997
4010180601,전기히트펌프,198,82.8,60.0,60.0,81.0,140.60000000000002
4410160301,문서세단기,183,16.7,15.0,15.0,15.0,15.0
5610153001,캐비닛,178,34.7,30.0,30.0,30.0,31.0
4321150301,노트북컴퓨터,172,30.4,30.0,30.0,30.0,30.0
5611160101,사무실칸막이,170,33.1,30.0,30.0,30.0,31.0
1411170401,화장실용화장지,169,14.9,15.0,15.0,15.0,15.0
1411150701,프린트및복사용지,164,15.1,15.0,15.0,15.0,15.0
7215129901,냉난방공조공사,160,72.6,30.0,60.0,87.5,144.69999999999985
4410150301,다기능복사기,157,29.3,30.0,30.0,30.0,30.0
4712160201,진공청소기,150,40.0,40.0,40.0,40.0,41.0
5610170301,책상,149,31.4,30.0,30.0,30.0,31.0
1411170301,종이타월,143,15.0,15.0,15.0,15.0,15.0
4218270501,체지방측정기,143,30.5,30.0,30.0,30.0,30.0
1216400101,살균제,137,30.1,30.0,30.0,30.0,30.0
2611160701,태양광발전장치,134,104.2,60.0,75.0,109.0,205.4
4321190201,액정모니터,132,31.6,30.0,30.0,30.0,30.900000000000006
5610170801,이동형파일서랍,131,32.3,30.0,30.0,30.0,31.0
5610154201,접이식의자,128,32.3,30.0,30.0,30.0,31.0
3911151502,LED다운라이트,125,75.6,30.0,34.0,94.0,161.20000000000016
5610150201,소파,120,32.3,30.0,30.0,30.0,31.0
4010178702,냉난방기,119,54.3,30.0,30.0,60.5,105.80000000000003
4110301101,실험실용일반냉장고,111,30.7,30.0,30.0,30.0,30.0
5512171801,안내판,103,41.2,40.0,40.0,40.0,41.0
5610170601,회의용탁자,103,31.0,30.0,30.0,30.0,31.0
5214160101,가정용세탁기,103,30.5,30.0,30.0,30.0,30.0
4511161601,비디오프로젝터,101,51.3,30.0,30.0,31.0,122.0
4218159001,코로나19자가검사키트,95,19.5,20.0,20.0,20.0,20.0
3911160501,LED경관조명기구,87,66.5,30.0,30.0,59.5,174.2000000000005
5216150501,텔레비전,86,31.3,30.0,30.0,30.0,31.0
4010170101,냉방기,85,54.1,30.0,30.0,70.0,108.6000000000001
5612150501,수강용탁자,83,32.0,30.0,30.0,30.0,30.0
5610152001,사물함,81,32.1,30.0,30.0,30.0,31.0
2510151801,전기다목적승용차,81,208.9,210.0,210.0,210.0,210.0
4410150101,전자복사기,79,30.5,30.0,30.0,30.0,30.0
4321210501,레이저프린터,77,29.6,30.0,30.0,30.0,31.0
4321150901,태블릿컴퓨터,74,30.1,30.0,30.0,30.0,30.0
3011159701,아스팔트콘크리트,71,64.5,20.0,30.0,65.5,163.0
4511180201,텔레비전거치대,70,29.9,30.0,30.0,30.0,30.0
4511160301,영사용스크린,65,53.3,20.0,20.0,45.0,142.00000000000003
5214150201,가정용전자레인지,65,32.5,30.0,30.0,30.0,30.0
5611210501,라운지용의자,60,31.8,30.0,30.0,30.0,31.0
5610150701,책장,58,30.9,30.0,30.0,30.0,31.0
7811180801,자동차렌트서비스,57,57.1,5.0,38.0,60.0,185.6
3017169501,합성수지제창,57,74.1,60.0,61.0,87.0,103.19999999999996
3912101101,무정전전원장치,56,84.2,31.0,60.0,96.5,220.5
5611210601,스툴의자,55,33.1,30.0,30.0,30.0,33.400000000000006
4712170201,쓰레기통,55,30.3,30.0,30.0,30.0,31.0
4920160311,하체근력강화용자전거,55,59.8,60.0,60.0,60.0,60.0
3912110101,분전반,53,133.2,90.0,120.0,176.0,243.00000000000006
4321150701,데스크톱컴퓨터,52,30.2,30.0,30.0,30.0,31.0
5612180401,강연대,52,30.4,30.0,30.0,30.0,30.0
3012999201,폴리우레아수지도막방수재,51,106.6,90.0,90.0,90.0,216.0
4322261201,네트워크스위치,46,226.0,95.5,272.5,331.0,340.0
5313162701,손세정제,45,30.1,30.0,30.0,30.0,30.0
3013150301,자연석경계석,44,107.7,30.0,51.0,158.25,301.00000000000006
4323320501,보안소프트웨어,42,29.9,30.0,30.0,30.0,31.0
2410160101,승객용엘리베이터,42,183.3,120.0,120.0,287.25,335.2
3013150201,보차도용콘크리트블록,42,106.9,40.0,44.0,173.5,247.29999999999998
2612179901,통신케이블어셈블리,42,107.0,60.0,60.0,111.5,216.6
4920150101,트레드밀,40,60.0,60.0,60.0,60.0,60.0
5610151901,응접탁자,40,31.6,30.0,30.0,30.0,31.0
4010190201,제습기,38,39.9,40.0,40.0,40.0,40.300000000000004
5610154301,식탁,37,33.1,30.0,30.0,30.0,30.0
4810181801,주방기구소독기,35,50.7,40.0,40.0,41.0,60.0
4320181801,DVD드라이브,34,34.6,30.0,30.0,30.0,30.7
3010161901,철근콘크리트용봉강,34,174.9,94.75,188.5,265.25,315.0
4016169901,공기살균기,32,30.6,30.0,30.0,30.0,30.0
4617162201,영상감시장치,32,107.6,60.0,60.0,82.5,280.9000000000001
2410200401,보관용선반,32,37.5,30.0,30.0,30.0,30.900000000000002
5213160201,롤업셰이드,31,32.0,30.0,30.0,30.0,31.0
6010939901,멀티미디어학습장치,31,29.6,25.0,25.0,25.0,26.0
4712160401,건습식진공청소기,30,40.1,40.0,40.0,40.0,40.0
4711150301,세탁물건조기,30,30.9,30.0,30.0,30.0,30.1
4016160201,공기청정기,30,30.3,30.0,30.0,30.0,30.1
3011160102,시멘트,29,116.7,35.0,35.0,233.0,266.2
4712169701,우산빗물제거기,29,30.2,30.0,30.0,30.0,31.0
4010189301,난방용전열관,29,152.4,73.0,107.0,277.0,290.0
9930161601,융복합벽천장용흡음재,29,98.0,45.0,60.0,152.0,189.99999999999997
5216155101,무선마이크장치,28,60.4,60.0,60.0,60.0,61.0
2411181001,물탱크,28,193.4,99.25,184.0,293.0,322.8
4511169701,영사대,26,82.9,20.0,31.5,121.5,215.0
8111180901,컴퓨터및주변기기설치,24,30.0,30.0,30.0,30.0,30.0
5612200201,실험기구진열장,24,33.1,30.0,30.0,30.0,37.3
5610153101,신발장,24,30.1,30.0,30.0,30.0,30.0
5216154701,오디오앰프,23,115.3,60.0,85.0,117.0,257.0
5214152501,가정용전기레인지,22,33.5,30.0,30.0,30.0,30.0
4322330801,네트워크시스템장비용랙,21,107.4,60.0,69.0,120.0,252.0
3011180101,용접철망,21,106.2,30.0,56.0,146.0,258.0
3015180209,금속제패널,21,143.5,52.0,142.0,213.0,259.0
3016159801,흡음용마감재,21,71.4,30.0,43.0,71.0,168.0
4411191101,인터랙티브화이트보드,21,30.9,25.0,25.0,25.0,26.0
3018150801,화장실칸막이,21,70.3,30.0,30.0,75.0,163.0
3911159901,자동승강조명장치,21,100.6,30.0,60.0,178.0,217.0
3014150301,폴리우레탄기포단열재,20,68.8,39.75,43.0,60.0,166.00000000000009
3013150202,콘크리트호안및옹벽블록,20,61.2,40.0,40.0,44.25,121.80000000000013
5214180401,선풍기,20,29.9,30.0,30.0,30.0,30.0
3015200101,디자인형울타리,19,64.1,50.0,50.0,50.0,93.3999999999999
5310250401,장갑,18,60.2,60.0,60.0,60.0,61.0
4618200101,방진마스크,18,20.1,20.0,20.0,20.0,20.0
2510150901,전기승용차,18,210.0,210.0,210.0,210.0,210.0
4323300401,운영체제,17,52.8,30.0,30.0,30.0,55.60000000000002
2110180101,동력분무기,17,43.9,45.0,45.0,45.0,45.0
4619160101,수동식소화기,17,60.1,60.0,60.0,60.0,60.4
3911152602,스테인리스가로등주,17,125.5,43.0,87.0,206.0,263.40000000000003
5128050801,따로분류되지않은대사성의약품,17,30.1,30.0,30.0,30.0,30.0
3010320101,스틸그레이팅,17,129.4,30.0,80.0,234.0,283.6
2612160901,UTP케이블,16,59.7,60.0,60.0,60.0,60.0
3015180211,석제단열패널,16,133.2,63.75,148.5,177.75,248.5
4218179502,맥박수계,16,30.1,30.0,30.0,30.0,30.5
1216499901,기타도막방수재,16,92.6,84.5,90.0,91.25,146.5
5311190101,남성용운동화,16,37.6,30.0,30.0,38.25,60.0
4323151301,사무용소프트웨어,16,32.5,30.0,30.0,30.25,31.0
4014219701,일반용폴리에틸렌관,16,119.0,30.0,49.5,240.25,320.0
2612170501,광점퍼코드,15,151.0,89.5,101.0,240.0,272.8
5610179301,보조책상,15,38.3,30.0,30.0,30.0,79.6
3116259801,브래킷,15,88.3,60.0,60.0,105.0,133.0
3015200102,메시형울타리,15,98.3,50.0,50.0,96.5,213.19999999999996
2510161101,화물트럭,15,209.8,210.0,210.0,210.0,210.0
4410160201,종이펀칭기또는바인딩기,14,15.0,15.0,15.0,15.0,15.0
4920160302,레그익스텐션머신,14,60.1,60.0,60.0,60.0,60.7
4618150903,화학물질보호복,14,30.0,30.0,30.0,30.0,30.0
4511179801,랙캐비닛용패널,14,125.9,82.0,99.0,134.5,209.7
5610152901,잡지꽂이,13,34.5,30.0,30.0,30.0,44.40000000000001
4810161501,상업용식기세척기,13,74.6,40.0,40.0,86.0,145.20000000000002
4410210501,자동인증기,13,20.0,20.0,20.0,20.0,20.0
5610151501,침대,13,36.8,30.0,30.0,30.0,30.0
4014239301,일반용폴리에틸렌이음관,13,98.0,30.0,31.0,145.0,240.8
4410280501,제본천공기,13,15.0,15.0,15.0,15.0,15.0
3013170201,자연석판석,13,193.9,124.0,225.0,275.0,304.6
4511189301,영상정보디스플레이장치,13,63.9,30.0,30.0,94.0,159.60000000000002
5214155301,전기밥솥,13,38.7,30.0,30.0,30.0,59.400000000000006
2315313001,진동방지장치,13,108.3,60.0,79.0,109.0,252.60000000000002
5610160501,옥외용벤치,12,96.3,60.0,60.0,62.0,223.70000000000007
2517511101,패키지용품,12,210.0,210.0,210.0,210.0,210.0
2510170301,구급차,12,209.8,210.0,210.0,210.0,210.0
3015190101,차양,12,121.4,59.25,60.0,233.75,260.3
5610150801,매트리스,12,30.0,30.0,30.0,30.0,30.0
4810189601,상업용주방후드,12,74.8,40.0,40.5,124.75,137.2
4010180802,전기히터,12,211.7,181.0,215.0,250.75,338.8
4014178203,철근콘크리트용배수로관,11,96.5,30.0,30.0,145.0,241.0
4920160301,레그프레스머신,11,62.8,60.0,60.0,60.0,61.0
4010187201,고무발포단열재,11,235.7,245.0,282.0,293.0,296.0
5216154501,디지털비디오레코더,11,74.5,60.0,60.0,70.5,86.0
5213150101,커튼,11,33.9,30.0,30.0,30.0,30.0
4412150601,봉투,11,15.0,15.0,15.0,15.0,15.0
5310271001,근무복,11,30.0,30.0,30.0,30.0,30.0
7316909801,안마의자임대서비스,11,13.3,10.0,10.0,13.0,20.0
5610151601,장롱,10,39.2,30.0,30.0,30.0,39.99999999999997
3015200105,금속제기타울타리,10,75.2,50.0,50.0,103.25,123.79999999999998
4618170202,안면보호구,10,30.1,30.0,30.0,30.0,30.1
2510199401,탱크트럭,10,208.2,210.0,210.0,210.0,210.0
4617161002,보안용카메라,10,94.2,60.0,60.0,82.5,161.59999999999997
4924151101,퍼걸러,10,114.7,60.0,60.0,191.25,241.8
5216151201,스피커,10,82.3,60.0,60.0,106.5,141.39999999999998
3015229901,목재덱,10,32.3,25.0,25.0,42.25,53.099999999999994
3015180201,샌드위치패널,10,75.0,60.0,60.5,90.0,98.99999999999997
5610158802,텔레비전받침대,10,39.2,30.0,30.0,31.0,39.99999999999997
4322264001,무선랜액세스포인트,10,159.8,40.75,173.0,268.0,274.9
3911152607,가로등주부속자재,10,110.6,38.25,78.0,132.25,235.79999999999995
3912110301,폐쇄형배전반,9,130.8,60.0,120.0,185.0,227.60000000000002
4810152101,상업용가스레인지,9,77.6,40.0,40.0,86.0,154.0
3911160802,LED보안등기구,9,122.4,50.0,101.0,203.0,223.8
2110189901,농축산용방역장비,9,49.2,45.0,45.0,46.0,53.00000000000001
4810209501,상업용조리대,9,44.7,40.0,40.0,41.0,60.0
3911161102,LED투광등기구,9,140.8,30.0,123.0,235.0,258.8
3016150501,실내벽체마감패널,9,88.1,37.0,52.0,99.0,205.0
4218230801,뇌파계,9,30.6,30.0,30.0,30.0,31.0
4014178201,철근콘크리트벤치플룸관,9,163.7,30.0,146.0,258.0,324.2
3023169901,컨테이너하우스,9,74.8,30.0,30.0,74.0,129.00000000000006
4322250101,방화벽장치,9,140.3,30.0,161.0,200.0,281.20000000000005
3912100402,전원공급장치,9,79.9,60.0,60.0,60.0,109.00000000000003
3015180212,타일단열패널,8,148.0,98.0,113.0,209.25,241.2
3015159901,특수지붕재,8,202.0,180.0,180.0,198.25,265.3
4920160507,숄더프레스머신,8,59.6,59.75,60.0,60.0,60.3
4810153002,취반기,8,88.0,40.0,40.5,140.25,168.29999999999998
5310180201,남성용외투,8,30.1,30.0,30.0,30.0,30.3
2510150103,중형승합차,8,213.6,210.0,210.0,210.0,219.29999999999998
4512151601,캠코더,8,12.1,12.0,12.0,12.0,12.3
5216151501,CD녹음및플레이어,8,68.9,60.0,60.0,60.25,81.69999999999999
5214155401,김치냉장고,8,30.0,30.0,30.0,30.0,30.0
4010170901,공기조화기,8,186.9,146.5,180.5,235.5,268.5
5216151202,PA용스피커,7,108.0,70.5,85.0,146.0,159.4
4410310301,재제조토너,7,15.0,15.0,15.0,15.0,15.0
4616158501,도로표지병,7,30.0,30.0,30.0,30.0,30.0
4010184001,난방용필름,7,115.0,90.0,91.0,132.5,152.0
4320180301,하드디스크드라이브,7,60.0,60.0,60.0,60.0,60.0
2510150701,다목적승용차,7,204.3,208.0,210.0,210.0,210.0
3011159301,콘크리트기초,7,117.3,86.5,123.0,128.0,168.40000000000003
3012171401,콘크리트맨홀블록,7,64.4,20.5,30.0,76.5,135.40000000000003
3013160202,미장벽돌,7,224.7,209.5,255.0,281.5,303.2
3019189601,덱플레이트,7,172.7,37.5,214.0,292.0,321.2
3018150401,세면기,7,63.4,40.0,40.0,73.0,106.80000000000001
4010171501,항온항습기,7,166.9,75.0,166.0,253.5,275.4
4213161201,일회용격리가운,7,20.0,20.0,20.0,20.0,20.0
4920160304,어덕터,7,60.3,60.0,60.0,60.5,61.0
4712170202,음식물쓰레기처리통,6,35.0,30.0,30.0,30.0,45.0
5612200101,실험대,6,55.8,30.0,30.5,53.5,107.0
5612179801,칠판보조장,6,30.2,30.0,30.0,30.0,30.5
2318160401,식료품절단기,6,40.0,40.0,40.0,40.0,40.0
5612169901,유아용탁자,6,30.0,30.0,30.0,30.0,30.0
4410159901,팩스기기,6,30.0,30.0,30.0,30.0,30.0
9946171603,융복합비상벨,6,60.0,60.0,60.0,60.0,60.0
2510169801,전기화물트럭,6,210.0,210.0,210.0,210.0,210.0
2713160501,에어커튼,6,57.5,30.0,30.5,72.25,112.0
2410168901,주차주제어장치,6,167.2,90.0,90.0,268.5,338.0
3912149901,플러그용잭,6,60.0,60.0,60.0,60.0,60.0
4810209701,배식대,6,40.0,40.0,40.0,40.0,40.0
4014218501,비압력용경질폴리염화비닐관,6,191.3,103.5,229.5,285.75,308.5
3013159201,안전유도블록,6,46.0,27.0,35.0,49.0,86.0
4321170201,마그네틱카드판독기,6,30.0,30.0,30.0,30.0,30.0
5216152001,마이크로폰,6,59.0,60.0,60.0,60.75,61.0
4511170601,오디오믹서,6,80.2,60.0,60.0,85.5,120.5
4920160502,체스트프레스머신,5,60.2,60.0,60.0,60.0,60.6
4810151701,상업용오븐,5,60.0,60.0,60.0,60.0,60.0
4810151101,부침기,5,65.6,40.0,41.0,60.0,112.20000000000002
4713182301,고상제설제,5,40.2,40.0,40.0,40.0,40.6
1016160101,장미,5,30.0,30.0,30.0,30.0,30.0
7818029901,차량도장서비스,5,210.0,210.0,210.0,210.0,210.0
5612170301,유아용교구장,5,30.0,30.0,30.0,30.0,30.0
5612150801,컴퓨터책상,5,30.0,30.0,30.0,30.0,30.0
2110230201,화분,5,20.4,20.0,20.0,21.0,21.0
2410168904,차량감지기,5,195.2,90.0,90.0,348.0,354.0
5612200401,실험실용싱크대,5,28.0,30.0,30.0,30.0,30.0
6010279901,교육용놀이세트,5,19.6,20.0,20.0,20.0,20.0
4321210401,잉크젯프린터,5,30.2,30.0,30.0,30.0,30.6
3016160204,금속천장재,5,71.4,30.0,61.0,68.0,128.0
4015156601,부스터펌프,5,267.0,253.0,291.0,319.0,342.4
4711150204,소방용방화복세탁기,5,60.4,60.0,60.0,60.0,62.4
3023150101,수납식관람석,5,187.2,120.0,209.0,211.0,287.8
4618180201,보안경,5,30.0,30.0,30.0,30.0,30.0
3012170206,보행매트,5,114.6,30.0,31.0,241.0,241.0
4321150102,컴퓨터서버,5,52.0,30.0,30.0,30.0,96.00000000000001
3011159201,순환아스팔트콘크리트,5,25.6,20.0,20.0,29.0,35.6
3012189701,인조잔디,5,205.0,167.0,196.0,258.0,310.2
2611170403,전기자동차용충전장치,5,238.4,225.0,226.0,319.0,320.8
2411240402,금속상자,5,116.4,60.0,60.0,125.0,216.20000000000002
4323290201,통신소프트웨어,5,30.0,30.0,30.0,30.0,30.0
4323349901,유틸리티소프트웨어,5,30.0,30.0,30.0,30.0,30.0
2611160702,건물일체형태양광발전장치,5,157.8,102.0,163.0,168.0,245.4
7215129601,냉난방공조및분배설비유지보수,5,60.0,60.0,60.0,60.0,60.0
6010620801,심폐소생술훈련마네킹,4,30.0,30.0,30.0,30.0,30.0
4322178801,분배기,4,30.0,30.0,30.0,30.0,30.0
4511176501,스피커선택유닛,4,91.2,60.0,79.0,110.25,132.3
4511190201,영상회의시스템,4,100.8,28.0,30.0,102.75,233.70000000000005
4214210501,개인용온열기,4,30.2,30.0,30.0,30.25,30.7
3016190801,논슬립,4,30.2,30.0,30.0,30.25,30.7
5612100201,카운터,4,30.0,30.0,30.0,30.0,30.0
1016169901,기타화초,4,30.0,30.0,30.0,30.0,30.0
2510151401,수소다목적승용차,4,207.2,207.25,210.0,210.0,210.0
2411240102,도구보관캐비닛,4,30.0,30.0,30.0,30.0,30.0
3010369901,합성목재,4,93.8,60.0,60.0,93.75,154.50000000000003
5610171901,보조책상,4,60.8,30.75,36.5,66.5,110.60000000000002
5216151701,이퀄라이저,4,88.0,49.75,60.0,98.25,167.10000000000002
3013160301,콘크리트벽돌,4,236.0,168.5,238.0,305.5,322.6
5512179601,국기,4,30.0,30.0,30.0,30.0,30.0
3010170401,H빔,4,83.8,83.75,90.0,90.0,90.0
3012999801,미끄럼방지포장재,4,42.0,30.0,30.0,42.0,63.60000000000001
3012999901,체육시설탄성포장재,4,263.5,229.5,257.0,291.0,323.40000000000003
3016159802,흡음용장식재,4,186.2,100.5,190.0,275.75,311.3
5215220201,식기건조대,4,84.2,39.75,40.0,84.5,164.60000000000002
4920160501,벤치프레스,4,57.2,57.25,60.0,60.0,60.0
4010171401,흡수식냉온수기,4,60.2,60.0,60.0,60.25,60.7
3017989801,금속문세트,4,142.2,25.0,106.0,223.25,297.5
3210152801,통신용변조기,4,107.2,60.0,60.0,107.25,192.30000000000004
4010170801,팬코일유닛,4,60.0,60.0,60.0,60.0,60.0
4713170701,핸드드라이어,4,30.0,30.0,30.0,30.0,30.0
4010186601,온풍난방기,4,36.8,36.75,40.0,40.0,40.0
4323250501,교육용소프트웨어,3,33.3,20.0,20.0,40.0,52.0
4920160303,레그컬머신,3,60.3,60.0,60.0,60.5,60.8
3912180101,빌딩자동제어장치,3,243.0,194.0,225.0,283.0,317.8
4810209702,식판배분대,3,72.7,40.0,40.0,89.0,118.4
4810209601,상업용싱크대,3,55.3,40.0,40.0,63.0,76.80000000000001
3912110701,가로등자동점멸기,3,262.0,220.0,237.0,291.5,324.2
3912110401,전동기제어반,3,215.3,188.5,223.0,246.0,259.8
4920169701,야외운동기구,3,200.3,150.5,241.0,270.5,288.2
4920160510,업도미널머신,3,60.0,60.0,60.0,60.0,60.0
3020170502,흡연부스,3,45.3,45.0,45.0,45.5,45.8
3016170201,플로어링보드,3,221.3,167.5,242.0,285.5,311.6
4511170701,결선보드유닛,3,55.7,39.5,60.0,74.0,82.4
4511170501,구내방송장치,3,42.0,11.0,11.0,57.5,85.4
4512160902,카메라브래킷,3,72.0,60.0,60.0,78.0,88.8
4110351701,생물안전작업대,3,30.0,30.0,30.0,30.0,30.0
2410151101,다단식운반차,3,40.3,40.0,40.0,40.5,40.8
2410150301,돌리,3,40.0,40.0,40.0,40.0,40.0
2517389601,전달변속기조립체,3,210.0,210.0,210.0,210.0,210.0
5610170201,파일링캐비닛,3,30.0,30.0,30.0,30.0,30.0
5610160101,파라솔,3,30.0,30.0,30.0,30.0,30.0
3012170301,알루미늄제교량난간,3,104.7,84.0,138.0,142.0,144.4
3010990201,혼합골재,3,155.7,58.5,77.0,213.5,295.4
3013159601,특수블록,3,129.3,87.0,87.0,150.5,188.60000000000002
5612109901,이동식서가,3,47.0,30.0,30.0,55.5,70.80000000000001
2611160101,디젤발전기,3,123.0,90.5,91.0,139.5,168.60000000000002
3012178801,낙석방지책,3,84.0,68.0,106.0,111.0,114.0
3012179401,볼라드,3,25.7,23.5,30.0,30.0,30.0
5216152101,방송수신기,3,60.0,60.0,60.0,60.0,60.0
4321200101,컴퓨터용보안기,2,30.0,30.0,30.0,30.0,30.0
4014239601,비압력용경질폴리염화비닐이음관,2,36.0,18.5,36.0,53.5,64.0
4323210201,그래픽소프트웨어,2,30.0,30.0,30.0,30.0,30.0
4618169501,기동화,2,60.0,60.0,60.0,60.0,60.0
4218229901,적외선체온계,2,29.5,19.75,29.5,39.25,45.1
8111159801,패키지소프트웨어개발및도입서비스,2,90.5,90.25,90.5,90.75,90.9
2410168909,차량차단기,2,90.0,90.0,90.0,90.0,90.0
5612150601,학생용책상,2,30.0,30.0,30.0,30.0,30.0
1017999901,토양개량제,2,71.0,50.5,71.0,91.5,103.8
8111151301,인프라클라우드서비스(IaaS),2,186.5,108.25,186.5,264.75,311.7
5216161101,마이크스탠드,2,81.5,79.75,81.5,83.25,84.3
3013151401,조립식철근콘크리트암거블록,2,72.0,43.0,72.0,101.0,118.4
5216153301,메가폰,2,60.0,60.0,60.0,60.0,60.0
3013160201,점토바닥벽돌,2,69.5,49.25,69.5,89.75,101.9
3012999701,도막형바닥재,2,44.5,37.25,44.5,51.75,56.1
2411189701,온수탱크,2,199.0,119.5,199.0,278.5,326.2
5611160201,OA칸막이용보관함,2,30.0,30.0,30.0,30.0,30.0
5132020901,기타의진단용약,2,30.0,30.0,30.0,30.0,30.0
4920160503,윗몸일으키기대,2,60.0,60.0,60.0,60.0,60.0
4920160504,버터플라이머신,2,60.0,60.0,60.0,60.0,60.0
3012171301,주철맨홀뚜껑,2,126.5,78.25,126.5,174.75,203.70000000000002
3016160102,벽천장용흡음재,2,221.0,177.5,221.0,264.5,290.6
3015200106,가설재울타리,2,104.0,56.0,104.0,152.0,180.8
3023160202,기타이동식화장실,2,99.0,86.5,99.0,111.5,119.0
3022206401,자전거보관대,2,178.5,114.25,178.5,242.75,281.3
4920160511,스미스머신,2,60.0,60.0,60.0,60.0,60.0
3911200101,조명타워,2,291.5,264.25,291.5,318.75,335.1
4920160505,암컬머신,2,60.0,60.0,60.0,60.0,60.0
4920160508,랫풀다운머신,2,60.5,60.25,60.5,60.75,60.9
3912161001,서지흡수기,2,163.5,119.25,163.5,207.75,234.3
4810179901,정수기,2,178.0,158.0,178.0,198.0,210.0
4010189402,온수난방패널,2,38.0,29.0,38.0,47.0,52.4
4810180901,국솥,2,40.0,40.0,40.0,40.0,40.0
4810171401,온수제조기,2,24.5,18.75,24.5,30.25,33.7
4014212301,파형강관,2,176.0,103.0,176.0,249.0,292.8
4014210901,원심력철근콘크리트관,2,39.0,20.0,39.0,58.0,69.4
4014179501,밸브실,2,121.0,61.5,121.0,180.5,216.20000000000002
5612200202,약품장,2,59.0,44.5,59.0,73.5,82.2
4321171101,스캐너,2,15.0,15.0,15.0,15.0,15.0
4321159301,일체형컴퓨터,2,30.0,30.0,30.0,30.0,30.0
7611159902,에어컨세척서비스,2,30.0,30.0,30.0,30.0,30.0
4225160301,정형용운동장치,2,14.0,14.0,14.0,14.0,14.0
4218302101,영상시력측정기,2,58.5,51.75,58.5,65.25,69.3
4617161901,출입통제시스템,2,137.5,98.75,137.5,176.25,199.5
4214210502,의료용온열기,2,44.0,37.0,44.0,51.0,55.2
4618200301,전시용방독면,2,60.0,60.0,60.0,60.0,60.0
4619159601,단독경보형감지기,2,30.0,30.0,30.0,30.0,30.0
4710150601,부식억제장비,2,30.0,30.0,30.0,30.0,30.0
4512150401,디지털카메라,1,12.0,12.0,12.0,12.0,12.0
4219909801,혈액냉동고,1,30.0,30.0,30.0,30.0,30.0
4320161901,냉각팬,1,19.0,19.0,19.0,19.0,19.0
4320180201,디스크어레이,1,30.0,30.0,30.0,30.0,30.0
4320182701,휴대용하드디스크저장장치,1,10.0,10.0,10.0,10.0,10.0
4511181001,실물화상기,1,15.0,15.0,15.0,15.0,15.0
4616159701,시선유도봉,1,30.0,30.0,30.0,30.0,30.0
7215139801,로봇페인팅서비스,1,30.0,30.0,30.0,30.0,30.0
4322281701,무선중계기,1,60.0,60.0,60.0,60.0,60.0
2318199802,일반용음식물쓰레기처리기,1,30.0,30.0,30.0,30.0,30.0
2318150601,세미기,1,40.0,40.0,40.0,40.0,40.0
2410150101,카트,1,88.0,88.0,88.0,88.0,88.0
2410168903,차량인식기,1,90.0,90.0,90.0,90.0,90.0
4322281805,통합배선반,1,198.0,198.0,198.0,198.0,198.0
4323350601,지도소프트웨어,1,30.0,30.0,30.0,30.0,30.0
4322333901,광분배함,1,60.0,60.0,60.0,60.0,60.0
4323260501,분석및과학용소프트웨어,1,30.0,30.0,30.0,30.0,30.0
4323300101,시스템관리소프트웨어,1,30.0,30.0,30.0,30.0,30.0
4321170801,유선마우스,1,37.0,37.0,37.0,37.0,37.0
4322179701,송신기,1,278.0,278.0,278.0,278.0,278.0
4511176701,리모트앰프,1,147.0,147.0,147.0,147.0,147.0
4712180501,고압세척기,1,60.0,60.0,60.0,60.0,60.0
4111250401,수도미터,1,45.0,45.0,45.0,45.0,45.0
4111179801,멀티미디어영상현미경,1,10.0,10.0,10.0,10.0,10.0
4110350201,실험실용배기기,1,30.0,30.0,30.0,30.0,30.0
4014239604,일반용경질폴리염화비닐제부속품,1,322.0,322.0,322.0,322.0,322.0
4110341501,무균대,1,30.0,30.0,30.0,30.0,30.0
4619168301,소방용펌프,1,229.0,229.0,229.0,229.0,229.0
4014218502,압력용경질폴리염화비닐관,1,201.0,201.0,201.0,201.0,201.0
4619161201,등짐펌프,1,30.0,30.0,30.0,30.0,30.0
4616157001,도로안전표지판지주,1,60.0,60.0,60.0,60.0,60.0
4616152901,시각장애인용음성안내기,1,40.0,40.0,40.0,40.0,40.0
3911169701,태양광가로등,1,80.0,80.0,80.0,80.0,80.0
4924159601,기타조경시설물,1,180.0,180.0,180.0,180.0,180.0
3020170501,이동식초소,1,45.0,45.0,45.0,45.0,45.0
3912100104,유입변압기,1,70.0,70.0,70.0,70.0,70.0
3912100101,몰드변압기,1,70.0,70.0,70.0,70.0,70.0
4810161502,초음파식기세척기,1,40.0,40.0,40.0,40.0,40.0
4810210301,냉장진열장,1,30.0,30.0,30.0,30.0,30.0
4010180603,지열히트펌프,1,198.0,198.0,198.0,198.0,198.0
4010209501,간접가열보일러,1,70.0,70.0,70.0,70.0,70.0
4713182302,액상제설제,1,40.0,40.0,40.0,40.0,40.0
4713181601,산업용탈취제,1,30.0,30.0,30.0,30.0,30.0
4810161001,탈피기,1,40.0,40.0,40.0,40.0,40.0
4713181001,액상세제,1,10.0,10.0,10.0,10.0,10.0
4810189801,살균수제조장치,1,30.0,30.0,30.0,30.0,30.0
3911161103,탐조등,1,30.0,30.0,30.0,30.0,30.0
4920160513,토르소머신,1,60.0,60.0,60.0,60.0,60.0
4810189401,음식쓰레기처리대,1,40.0,40.0,40.0,40.0,40.0
3912130302,풀박스,1,60.0,60.0,60.0,60.0,60.0
3912140601,멀티탭,1,10.0,10.0,10.0,10.0,10.0
3912164901,아크차단기,1,91.0,91.0,91.0,91.0,91.0
4920160305,토탈힙머신,1,60.0,60.0,60.0,60.0,60.0
5215170401,숟가락,1,45.0,45.0,45.0,45.0,45.0
3016179701,이중바닥마루틀,1,242.0,242.0,242.0,242.0,242.0
3016150502,실내공간분할패널,1,31.0,31.0,31.0,31.0,31.0
5214160401,신발건조기,1,30.0,30.0,30.0,30.0,30.0
3012171402,플라스틱계맨홀,1,322.0,322.0,322.0,322.0,322.0
3012999902,어린이놀이시설탄성포장재,1,307.0,307.0,307.0,307.0,307.0
3012179501,카스토퍼,1,31.0,31.0,31.0,31.0,31.0
3012189301,잔디보호매트,1,112.0,112.0,112.0,112.0,112.0
3014151401,발포폴리스티렌단열재,1,49.0,49.0,49.0,49.0,49.0
5216154001,AV스위쳐,1,60.0,60.0,60.0,60.0,60.0
3013159304,압출성형콘크리트패널,1,20.0,20.0,20.0,20.0,20.0
3014150801,섬유단열재,1,207.0,207.0,207.0,207.0,207.0
5310250501,우산,1,30.0,30.0,30.0,30.0,30.0
3012179301,철제가드레일,1,30.0,30.0,30.0,30.0,30.0
5512171001,교통안전표지,1,30.0,30.0,30.0,30.0,30.0
5512190301,안내전광판,1,278.0,278.0,278.0,278.0,278.0
3010329701,그레이팅거름망,1,115.0,115.0,115.0,115.0,115.0
2410168905,주차경보등,1,90.0,90.0,90.0,90.0,90.0
2410168907,주차요금계산기,1,90.0,90.0,90.0,90.0,90.0
2611170402,소형기기용충전기,1,30.0,30.0,30.0,30.0,30.0
2517381301,자동변속기,1,210.0,210.0,210.0,210.0,210.0
3012169901,콘크리트맨홀블록,1,234.0,234.0,234.0,234.0,234.0
3012169501,주철맨홀뚜껑,1,201.0,201.0,201.0,201.0,201.0
5610159201,청소도구함,1,31.0,31.0,31.0,31.0,31.0
3011159501,흙콘크리트,1,302.0,302.0,302.0,302.0,302.0
5610153801,찬장,1,60.0,60.0,60.0,60.0,60.0
2612162909,난연전력케이블,1,61.0,61.0,61.0,61.0,61.0
2410168910,주차관제주변기기,1,90.0,90.0,90.0,90.0,90.0
5612101501,이동식서가,1,31.0,31.0,31.0,31.0,31.0
5612150201,교실용걸상,1,30.0,30.0,30.0,30.0,30.0
5612150101,실습대,1,140.0,140.0,140.0,140.0,140.0
1016159901,조경용수목,1,112.0,112.0,112.0,112.0,112.0
