fold,model,method_type,algorithm,objective,status,skip_reason,uses_news,uses_commodity,uses_module_c,n_features,N,ACTUAL_SUM,PREDICTION_SUM,MAE,RMSE,RMSLE,MAPE,SMAPE,WAPE,BIAS,BIAS_PCT,ZERO_ACTUAL_RATE,historical_weight,historical_rows
2024_q3,stock_model_e_commodity_only,machine_learning,lightgbm_regression_l1,regression_l1,ready,,False,True,False,54,355965,49413194.10595071,46974072.396655686,49.857638854183506,196.99860564164896,0.7581504529756882,79.05165461819345,71.39976612309478,35.916671115563716,-6.85213914091284,-4.936174949680675,24.53752475664742,1.0,952002.0
2024_q3,stock_model_a_usage_only,machine_learning,lightgbm_regression_l1,regression_l1,ready,,False,False,False,51,355965,49413194.10595071,47048330.264856845,49.974084166477596,195.7059179501947,0.760984869630098,79.97467099680347,72.30160819720024,36.00055651568962,-6.643529114081041,-4.785895516131132,24.53752475664742,1.0,952002.0
2024_q3,stock_model_a_usage_tweedie,machine_learning,lightgbm_tweedie,tweedie,ready,,False,False,False,51,355965,49413194.10595071,50323636.849801704,51.89564983844687,184.24205704738387,0.8235898526327146,106.23034906415252,87.22251218744763,37.384822675363296,2.5576748945851255,1.8425093951604083,24.53752475664742,1.0,952002.0
2024_q3,stock_model_b_news,machine_learning,lightgbm_tweedie,tweedie,ready,,True,False,False,55,355965,49413194.10595071,50344763.13966035,51.97059418682424,186.5986671747253,0.8243798892156114,106.45329057346244,87.23821363742368,37.43881142361735,2.617024240331597,1.8852637449669565,24.53752475664742,1.0,952002.0
2024_q3,stock_model_c_news_commodity,machine_learning,lightgbm_tweedie,tweedie,ready,,True,True,False,58,355965,49413194.10595071,50467627.410547026,52.017091994077624,186.60153829967064,0.8251893609536326,106.73160317539178,87.26407131215447,37.47230772406589,2.962182530856474,2.133910433588687,24.53752475664742,1.0,952002.0
2024_q3,stock_model_d_module_c,machine_learning,lightgbm_tweedie,tweedie,ready,,False,False,True,59,355965,49413194.10595071,50448977.54412438,52.021225915050465,186.07448137775685,0.8242788785461337,106.48380766044,87.23581717905327,37.475285736731784,2.9097901146845313,2.0961677481377987,24.53752475664742,1.0,952002.0
2024_q3,baseline_rolling_mean_3,baseline,deterministic,,ready,,False,False,False,1,355965,49413194.10595071,48346850.59061288,53.97035151542309,187.94114103584567,0.9060235674601063,103.55233468165159,57.80432603083702,38.87940564213391,-2.995641468509061,-2.158013734249604,24.53752475664742,,
2024_q3,baseline_rolling_mean_6,baseline,deterministic,,ready,,False,False,False,1,355965,49413194.10595071,48708061.43587125,54.99355117591278,190.8298705855583,0.9161522902654724,108.63441833147331,58.25983675094059,39.616502835983084,-1.9809044992610292,-1.427012932148308,24.53752475664742,,
2024_q3,baseline_rolling_median_3,baseline,deterministic,,ready,,False,False,False,1,355965,49413194.10595071,47010625.03440303,55.59574935321418,198.875191045104,0.9269226675494003,99.62514986896447,59.05165939478152,40.050317079449044,-6.749453096646216,-4.862201513215565,24.53752475664742,,
2024_q3,baseline_expanding_mean,baseline,deterministic,,ready,,False,False,False,1,355965,49413194.10595071,49691507.92357279,56.75376790653562,195.35798942508913,0.924652596002291,112.71838056312266,58.95070679755491,40.884535716376675,0.7818572545674062,0.5632378611779799,24.53752475664742,,
2024_q3,baseline_last_month,baseline,deterministic,,ready,,False,False,False,1,355965,49413194.10595071,49350980.48161472,62.55232824098863,231.19669896846057,0.9765166759686108,103.9436272289945,62.57596232125457,45.06172880579283,-0.17477455462191033,-0.12590488322329393,24.53752475664742,,
2024_q3,baseline_same_month_last_year,baseline,deterministic,,ready,,False,False,False,1,355965,49413194.10595071,49350980.48161472,62.55232824098863,231.19669896846057,0.9765166759686108,103.9436272289945,62.57596232125457,45.06172880579283,-0.17477455462191033,-0.12590488322329393,24.53752475664742,,
2024_q4,stock_model_e_commodity_only,machine_learning,lightgbm_regression_l1,regression_l1,ready,,False,True,False,54,343536,54855401.69752575,49964551.865062274,60.35690553628269,215.2657377931383,0.7776559364814212,78.45307182160535,71.67097697460967,37.79895736548339,-14.236789834146869,-8.915894663267181,23.34427832890876,1.0,952002.0
2024_q4,stock_model_a_usage_only,machine_learning,lightgbm_regression_l1,regression_l1,ready,,False,False,False,51,343536,54855401.69752575,49965171.03791058,60.472786150155336,216.07235008097322,0.7796997906421387,79.2964953798346,71.69702823586933,37.871528454811774,-14.234987481996546,-8.914765926936491,23.34427832890876,1.0,952002.0
2024_q4,stock_model_c_news_commodity,machine_learning,lightgbm_tweedie,tweedie,ready,,True,True,False,58,343536,54855401.69752575,53437657.84257426,62.75696419628606,207.32362768982006,0.8427059662223975,106.17405754533647,86.23596254012662,39.30201180735818,-4.1269149520035855,-2.58451093434511,23.34427832890876,1.0,952002.0
2024_q4,stock_model_a_usage_tweedie,machine_learning,lightgbm_tweedie,tweedie,ready,,False,False,False,51,343536,54855401.69752575,53500374.98987284,62.785474151679026,206.82044747213857,0.8432036518331171,106.54743403563329,86.28902900219417,39.31986637725065,-3.9443514148529233,-2.470179172371319,23.34427832890876,1.0,952002.0
2024_q4,stock_model_b_news,machine_learning,lightgbm_tweedie,tweedie,ready,,True,False,False,55,343536,54855401.69752575,53404123.06959427,62.85009965918013,207.33349013936711,0.8422178077153343,105.82954047811405,86.23917673579031,39.36033857808752,-4.224531425910214,-2.645643971279014,23.34427832890876,1.0,952002.0
2024_q4,stock_model_d_module_c,machine_learning,lightgbm_tweedie,tweedie,ready,,False,False,True,59,343536,54855401.69752575,53343217.743282795,62.8876463918196,207.1665998296135,0.8423733805226339,105.96197840442714,86.25352398333786,39.383852496397985,-4.4018209277716505,-2.7566728297446033,23.34427832890876,1.0,952002.0
2024_q4,baseline_rolling_mean_3,baseline,deterministic,,ready,,False,False,False,1,343536,54855401.69752575,49779411.043493025,65.71350444232588,215.30714085763768,0.9412391569354933,104.37536527073273,59.3237693661278,41.15356694784191,-14.77571682162201,-9.253401665020847,23.34427832890876,,
2024_q4,baseline_rolling_median_3,baseline,deterministic,,ready,,False,False,False,1,343536,54855401.69752575,48475382.50242337,67.39205011533791,223.1407442150542,0.9677265419867965,100.01731693944484,60.70236768437846,42.20476855876707,-18.57161751636621,-11.630612478752752,23.34427832890876,,
2024_q4,baseline_rolling_mean_6,baseline,deterministic,,ready,,False,False,False,1,343536,54855401.69752575,48797783.36558,67.79301994944299,217.3354475896455,0.9517978084190621,108.54857477327214,60.37949196733344,42.45587887546599,-17.633139851269597,-11.0428839175176,23.34427832890876,,
2024_q4,baseline_expanding_mean,baseline,deterministic,,ready,,False,False,False,1,343536,54855401.69752575,49555484.890646875,68.70551116049816,218.06048408059604,0.9583705783813381,112.25735421317317,60.7072284389341,43.027333228146794,-15.427544149314429,-9.661613337739764,23.34427832890876,,
2024_q4,baseline_last_month,baseline,deterministic,,ready,,False,False,False,1,343536,54855401.69752575,52191845.30969926,70.935945384133,237.5027890816125,1.0192972534324165,102.97049684354404,63.00312009337977,44.42415911536873,-7.753354489271868,-4.855595448035206,23.34427832890876,,
2024_q4,baseline_same_month_last_year,baseline,deterministic,,ready,,False,False,False,1,343536,54855401.69752575,53186139.29946751,75.03144093542691,248.09887822813553,1.045546668785116,110.33315232019572,64.63368037693414,46.98899341822785,-4.859061053450659,-3.0430228316667813,23.34427832890876,,
2025_q1,stock_model_e_commodity_only,machine_learning,lightgbm_regression_l1,regression_l1,ready,,False,True,False,54,340427,49145171.921043076,45276849.25194819,53.04408257218484,225.59668374658062,0.7664357073494725,74.76594313831443,71.0153006046712,36.74346266773199,-11.363148836886854,-7.871216068405973,23.987227805080092,1.0,952002.0
2025_q1,stock_model_a_usage_only,machine_learning,lightgbm_regression_l1,regression_l1,ready,,False,False,False,51,340427,49145171.921043076,45293702.60327888,53.07988778432143,225.512726000398,0.7680643888867501,75.4254010309774,72.07409702492244,36.768264821179756,-11.313642330849756,-7.8369230734445,23.987227805080092,1.0,952002.0
2025_q1,stock_model_d_module_c,machine_learning,lightgbm_tweedie,tweedie,ready,,False,False,True,59,340427,49145171.921043076,49514204.80234301,55.47141117395404,215.52880191753994,0.8358638744962811,104.28302602298736,85.97844960699781,38.424865258493234,1.0840294139416977,0.7509036327980003,23.987227805080092,1.0,952002.0
2025_q1,stock_model_a_usage_tweedie,machine_learning,lightgbm_tweedie,tweedie,ready,,False,False,False,51,340427,49145171.921043076,49708866.002321124,55.56856395814897,214.5415102514871,0.8357760435536821,104.40298162073522,86.01319391691715,38.492162674642806,1.6558442229260553,1.1469978824851457,23.987227805080092,1.0,952002.0
2025_q1,stock_model_b_news,machine_learning,lightgbm_tweedie,tweedie,ready,,True,False,False,55,340427,49145171.921043076,49533198.91152663,55.58005187493444,215.67471389354603,0.8357513647862485,104.49417600998025,86.0103761884732,38.500120317061494,1.1398243690527714,0.7895526158845444,23.987227805080092,1.0,952002.0
2025_q1,stock_model_c_news_commodity,machine_learning,lightgbm_tweedie,tweedie,ready,,True,True,False,58,340427,49145171.921043076,49792446.2301622,55.75336466130289,215.9936276371166,0.8365232385036273,104.77049747521112,86.05494716846096,38.62017351785168,1.901360083422074,1.317065916788413,23.987227805080092,1.0,952002.0
2025_q1,baseline_rolling_mean_6,baseline,deterministic,,ready,,False,False,False,1,340427,49145171.921043076,50564799.832126886,60.74061891648849,228.32862201326984,0.9421377662635246,124.23581722061716,58.38572260502669,42.07482824376811,4.170139005084209,2.8886416622259308,23.987227805080092,,
2025_q1,baseline_expanding_mean,baseline,deterministic,,ready,,False,False,False,1,340427,49145171.921043076,49856510.21044804,62.36038912043795,229.93595073620588,0.951409977596486,127.60250247626779,59.49692126207384,43.1968377711858,2.089547213954704,1.447422527176843,23.987227805080092,,
2025_q1,baseline_rolling_mean_3,baseline,deterministic,,ready,,False,False,False,1,340427,49145171.921043076,52525824.778046176,64.00199658607181,231.7801803076744,0.9455261904323231,126.06112552311805,59.02460911169286,44.333973898415515,9.930624941626533,6.878911447160012,23.987227805080092,,
2025_q1,baseline_rolling_median_3,baseline,deterministic,,ready,,False,False,False,1,340427,49145171.921043076,50808674.82509472,64.86765232670255,241.39770870343793,0.9617860013849794,119.44491137767059,59.9851986019164,44.9336108012819,4.886518707539757,3.38487554123168,23.987227805080092,,
2025_q1,baseline_last_month,baseline,deterministic,,ready,,False,False,False,1,340427,49145171.921043076,51563570.80851931,70.18267018051819,259.57818032026057,1.0022934019740852,116.13766943004053,62.92802023378415,48.61530630094939,7.104016095892032,4.920928736116031,23.987227805080092,,
2025_q1,baseline_same_month_last_year,baseline,deterministic,,ready,,False,False,False,1,340427,49145171.921043076,51444026.04340655,79.98536656739888,279.7669956385015,1.1167771130749864,138.37750580042882,68.87373797598894,55.40560205626396,6.752854862756134,4.67768049739826,23.987227805080092,,
2025_q2,stock_model_e_commodity_only,machine_learning,lightgbm_regression_l1,regression_l1,ready,,False,True,False,54,363995,45895359.68106853,44006437.255383074,46.76876060685565,217.38675963551012,0.7728587623740608,81.97163642949951,73.52846092432718,37.09219218542156,-5.189418606534306,-4.11571548586125,24.92094671630105,1.0,952002.0
2025_q2,stock_model_a_usage_only,machine_learning,lightgbm_regression_l1,regression_l1,ready,,False,False,False,51,363995,45895359.68106853,43963977.60945676,46.816505197827645,217.60075700729823,0.7735930065760064,82.18580858804513,72.89247422740586,37.1300583063358,-5.306067587773833,-4.208229513905409,24.92094671630105,1.0,952002.0
2025_q2,stock_model_d_module_c,machine_learning,lightgbm_tweedie,tweedie,ready,,False,False,True,59,363995,45895359.68106853,48134664.472454876,51.04775629088226,204.76147512160156,0.856565521685446,113.67563233002616,89.07934830532182,40.48585342880372,6.152020745851894,4.879152940400724,24.92094671630105,1.0,952002.0
2025_q2,stock_model_b_news,machine_learning,lightgbm_tweedie,tweedie,ready,,True,False,False,55,363995,45895359.68106853,48164807.2501487,51.18452318734288,205.6494296773553,0.8568672213106395,113.87201641817546,89.12453660498302,40.59432292729579,6.234831712194358,4.9448301197567375,24.92094671630105,1.0,952002.0
2025_q2,stock_model_c_news_commodity,machine_learning,lightgbm_tweedie,tweedie,ready,,True,True,False,58,363995,45895359.68106853,48180302.863160916,51.250803776024654,207.31581446618435,0.8575743445477008,113.88433685635142,89.12665609244767,40.646889903663066,6.277402662378322,4.978593038535232,24.92094671630105,1.0,952002.0
2025_q2,stock_model_a_usage_tweedie,machine_learning,lightgbm_tweedie,tweedie,ready,,False,False,False,51,363995,45895359.68106853,48317718.11418132,51.35003878418195,206.06070678620986,0.8582560710982379,114.31275495107072,89.18973098227417,40.72559295130279,6.6549222739674745,5.278002939613062,24.92094671630105,1.0,952002.0
2025_q2,baseline_rolling_mean_3,baseline,deterministic,,ready,,False,False,False,1,363995,45895359.68106853,48018999.39283161,56.381135833513525,236.19557555694374,0.9654220040700728,119.16512756972428,61.5065028478913,44.7157439887874,5.834255173183938,4.627133824683939,24.92094671630105,,
2025_q2,baseline_rolling_median_3,baseline,deterministic,,ready,,False,False,False,1,363995,45895359.68106853,46827822.37107769,57.12864221782057,244.98863906819722,0.9829223945840694,113.32761200239905,62.33383332300608,45.308589514449714,2.5617458756553484,2.031714527326796,24.92094671630105,,
2025_q2,baseline_last_month,baseline,deterministic,,ready,,False,False,False,1,363995,45895359.68106853,47170620.00717578,59.879874822413896,251.00214730478785,1.017950491193025,111.4956557635465,64.47767445064835,47.49058551332197,3.5035105595056657,2.7786258457699446,24.92094671630105,,
2025_q2,baseline_rolling_mean_6,baseline,deterministic,,ready,,False,False,False,1,363995,45895359.68106853,49906222.63384948,61.482213147363005,237.80140561426987,0.9918555897870832,132.83696973343166,63.60166607983204,48.76139620669679,11.019005625849147,8.739147008875923,24.92094671630105,,
2025_q2,baseline_expanding_mean,baseline,deterministic,,ready,,False,False,False,1,363995,45895359.68106853,49425948.84544797,61.61836510542067,238.5061617514622,0.9978222908584499,136.18820722645845,64.06123760845492,48.86937799901215,9.699554016894375,7.692693093406086,24.92094671630105,,
2025_q2,baseline_same_month_last_year,baseline,deterministic,,ready,,False,False,False,1,363995,45895359.68106853,48764496.52460625,68.59234769831954,259.47250277217523,1.1086030365450343,134.32011410546284,69.72414689295604,54.40042691450705,7.882352349723871,6.251474797181324,24.92094671630105,,
